2,4,0,-175.1,0,35.69
3,4,0,-174.9,0,34.42
4,4,0,-174.7,0,33.16
5,4,0,-174.5,0,31.90
6,4,0,-174.2,0,30.63
7,4,0,-174.0,0,29.37
8,4,0,-173.7,0,28.11
9,4,0,-173.4,0,26.85
10,4,0,-173.1,0,25.59
11,4,0,-172.7,0,24.33
12,4,0,-172.3,0,23.07
13,4,0,-171.9,0,21.82
14,4,0,-171.4,0,20.56
15,4,0,-170.8,0,19.31
16,4,0,-170.2,0,18.06
17,4,0,-169.5,0,16.81
18,4,0,-168.6,0,15.57
19,4,0,-167.6,0,14.33
20,4,0,-166.4,0,13.09
21,4,0,-165.0,0,11.86
22,4,0,-163.2,0,10.65
23,4,0,-161.0,0,9.44
24,4,0,-158.1,0,8.26
25,4,0,-154.3,0,7.11
26,4,0,-149.0,0,6.00
27,4,0,-141.5,0,4.97
28,4,0,-130.2,0,4.08
29,4,0,-113.8,0,3.44
30,4,0,-92.3,0,3.20
31,4,0,-70.5,0,3.44
32,4,0,-53.4,0,4.08
33,4,0,-41.5,0,4.97
34,4,0,-33.5,0,6.00
35,4,0,-27.8,0,7.11
36,4,0,-23.7,0,8.26
37,4,0,-20.6,0,9.44
38,4,0,-18.2,0,10.65
39,4,0,-16.3,0,11.86
40,4,0,-14.7,0,13.09
41,4,0,-13.4,0,14.33
42,4,0,-12.3,0,15.57
43,4,0,-11.4,0,16.81
44,4,0,-10.6,0,18.06
45,4,0,-9.9,0,19.31
46,4,0,-9.3,0,20.56
47,4,0,-8.8,0,21.82
48,4,0,-8.3,0,23.07
49,4,0,-7.9,0,24.33
50,4,0,-7.5,0,25.59
51,4,0,-7.1,0,26.85
52,4,0,-6.8,0,28.11
53,4,0,-6.5,0,29.37
54,4,0,-6.2,0,30.63
55,4,0,-6.0,0,31.90
56,4,0,-5.8,0,33.16
57,4,0,-5.5,0,34.42
58,4,0,-5.4,0,35.69
59,4,0,-5.2,0,36.95
60,4,0,-5.0,0,38.22
61,4,0,-4.8,0,39.48
62,4,0,-4.7,0,40.75
63,4,0,-4.5,0,42.01
64,4,0,-4.4,0,43.28
65,4,0,-4.3,0,44.55
66,4,0,-4.2,0,45.81
67,4,0,-4.1,0,47.08
68,4,0,-3.9,0,48.34
69,4,0,-3.8,0,49.61
70,4,0,-3.8,0,50.88
71,4,0,-3.7,0,52.15
72,4,0,-3.6,0,53.41
73,4,0,-3.5,0,54.68
74,4,0,-3.4,0,55.95
75,4,0,-3.3,0,57.21
76,4,0,-3.3,0,58.48
77,4,0,-3.2,0,59.75
78,4,0,-3.1,0,61.02
79,4,0,-3.1,0,62.29
80,4,0,-3.0,0,63.55
81,4,0,-2.9,0,64.82
82,4,0,-2.9,0,66.09
83,4,0,-2.8,0,67.36
84,4,0,-2.8,0,68.62
85,4,0,-2.7,0,69.89
86,4,0,-2.7,0,71.16
87,4,0,-2.6,0,72.43
88,4,0,-2.6,0,73.70
89,4,0,-2.5,0,74.97
90,4,0,-2.5,0,76.23
91,4,0,-2.5,0,77.50
92,4,0,-2.4,0,78.77
93,4,0,-2.4,0,80.04
94,4,0,-2.3,0,81.31
95,4,0,-2.3,0,82.58
96,4,0,-2.3,0,83.84
97,4,0,-2.2,0,85.11
98,4,0,-2.2,0,86.38
99,4,0,-2.2,0,87.65
3,4,1,-176.8,0,66.12
4,4,1,-176.8,0,64.85
5,4,1,-176.7,0,63.59
6,4,1,-176.6,0,62.32
7,4,1,-176.6,0,61.05
8,4,1,-176.5,0,59.78
9,4,1,-176.4,0,58.52
10,4,1,-176.3,0,57.25
11,4,1,-176.3,0,55.98
12,4,1,-176.2,0,54.72
13,4,1,-176.1,0,53.45
14,4,1,-176.0,0,52.19
15,4,1,-175.9,0,50.92
16,4,1,-175.8,0,49.65
17,4,1,-175.7,0,48.39
18,4,1,-175.6,0,47.12
19,4,1,-175.4,0,45.86
20,4,1,-175.3,0,44.59
21,4,1,-175.2,0,43.33
22,4,1,-175.0,0,42.06
23,4,1,-174.9,0,40.80
24,4,1,-174.7,0,39.54
25,4,1,-174.5,0,38.27
26,4,1,-174.3,0,37.01
27,4,1,-174.1,0,35.75
28,4,1,-173.9,0,34.49
29,4,1,-173.7,0,33.22
30,4,1,-173.4,0,31.96
31,4,1,-173.2,0,30.70
32,4,1,-172.9,0,29.44
33,4,1,-172.6,0,28.19
34,4,1,-172.2,0,26.93
35,4,1,-171.8,0,25.67
36,4,1,-171.4,0,24.42
37,4,1,-170.9,0,23.16
38,4,1,-170.4,0,21.91
39,4,1,-169.8,0,20.66
40,4,1,-169.2,0,19.42
41,4,1,-168.4,0,18.17
42,4,1,-167.6,0,16.93
43,4,1,-166.6,0,15.70
44,4,1,-165.4,0,14.47
45,4,1,-164.0,0,13.25
46,4,1,-162.3,0,12.04
47,4,1,-160.3,0,10.84
48,4,1,-157.8,0,9.66
49,4,1,-154.5,0,8.51
50,4,1,-150.3,0,7.40
51,4,1,-144.6,0,6.34
52,4,1,-136.7,0,5.38
53,4,1,-125.7,0,4.57
54,4,1,-110.7,0,4.01
55,4,1,-92.3,0,3.80
56,4,1,-73.7,0,4.01
57,4,1,-58.2,0,4.57
58,4,1,-46.6,0,5.38
59,4,1,-38.2,0,6.34
60,4,1,-32.1,0,7.40
61,4,1,-27.6,0,8.51
62,4,1,-24.1,0,9.66
63,4,1,-21.3,0,10.84
64,4,1,-19.1,0,12.04
65,4,1,-17.3,0,13.25
66,4,1,-15.8,0,14.47
67,4,1,-14.6,0,15.70
68,4,1,-13.5,0,16.93
69,4,1,-12.6,0,18.17
70,4,1,-11.7,0,19.42
71,4,1,-11.0,0,20.66
72,4,1,-10.4,0,21.91
73,4,1,-9.8,0,23.16
74,4,1,-9.3,0,24.42
75,4,1,-8.9,0,25.67
76,4,1,-8.4,0,26.93
77,4,1,-8.1,0,28.19
78,4,1,-7.7,0,29.44
79,4,1,-7.4,0,30.70
80,4,1,-7.1,0,31.96
81,4,1,-6.8,0,33.22
82,4,1,-6.6,0,34.49
83,4,1,-6.3,0,35.75
84,4,1,-6.1,0,37.01
85,4,1,-5.9,0,38.27
86,4,1,-5.7,0,39.54
87,4,1,-5.6,0,40.80
88,4,1,-5.4,0,42.06
89,4,1,-5.2,0,43.33
90,4,1,-5.1,0,44.59
91,4,1,-4.9,0,45.86
92,4,1,-4.8,0,47.12
93,4,1,-4.7,0,48.39
94,4,1,-4.6,0,49.65
95,4,1,-4.5,0,50.92
96,4,1,-4.3,0,52.19
97,4,1,-4.2,0,53.45
98,4,1,-4.1,0,54.72
99,4,1,-4.0,0,55.98
3,4,2,-3.6,0,98.81
4,4,2,-3.7,0,97.45
5,4,2,-3.7,0,96.08
6,4,2,-3.8,0,94.71
7,4,2,-3.8,0,93.35
8,4,2,-3.9,0,91.98
9,4,2,-4.0,0,90.62
10,4,2,-4.0,0,89.25
11,4,2,-4.1,0,87.89
12,4,2,-4.2,0,86.52
13,4,2,-4.2,0,85.15
14,4,2,-4.3,0,83.79
15,4,2,-4.4,0,82.42
16,4,2,-4.4,0,81.06
17,4,2,-4.5,0,79.69
18,4,2,-4.6,0,78.33
19,4,2,-4.7,0,76.96
20,4,2,-4.8,0,75.60
21,4,2,-4.8,0,74.24
22,4,2,-4.9,0,72.87
23,4,2,-5.0,0,71.51
24,4,2,-5.1,0,70.14
25,4,2,-5.2,0,68.78
26,4,2,-5.3,0,67.42
27,4,2,-5.4,0,66.05
28,4,2,-5.6,0,64.69
29,4,2,-5.7,0,63.33
30,4,2,-5.8,0,61.97
31,4,2,-5.9,0,60.61
32,4,2,-6.1,0,59.24
33,4,2,-6.2,0,57.88
34,4,2,-6.4,0,56.52
35,4,2,-6.5,0,55.16
36,4,2,-6.7,0,53.80
37,4,2,-6.9,0,52.44
38,4,2,-7.0,0,51.08
39,4,2,-7.2,0,49.73
40,4,2,-7.4,0,48.37
41,4,2,-7.7,0,47.01
42,4,2,-7.9,0,45.66
43,4,2,-8.1,0,44.30
44,4,2,-8.4,0,42.95
45,4,2,-8.7,0,41.59
46,4,2,-9.0,0,40.24
47,4,2,-9.3,0,38.89
48,4,2,-9.6,0,37.54
49,4,2,-10.0,0,36.19
50,4,2,-10.4,0,34.85
51,4,2,-10.8,0,33.50
52,4,2,-11.2,0,32.16
53,4,2,-11.7,0,30.82
54,4,2,-12.3,0,29.48
55,4,2,-12.9,0,28.15
56,4,2,-13.5,0,26.82
57,4,2,-14.2,0,25.49
58,4,2,-15.0,0,24.17
59,4,2,-15.9,0,22.85
60,4,2,-16.9,0,21.55
61,4,2,-18.1,0,20.24
62,4,2,-19.3,0,18.95
63,4,2,-20.8,0,17.67
64,4,2,-22.5,0,16.41
65,4,2,-24.5,0,15.16
66,4,2,-26.8,0,13.93
67,4,2,-29.6,0,12.74
68,4,2,-33.0,0,11.58
69,4,2,-37.1,0,10.48
70,4,2,-42.1,0,9.44
71,4,2,-48.3,0,8.50
72,4,2,-55.9,0,7.69
73,4,2,-65.2,0,7.05
74,4,2,-76.1,0,6.64
75,4,2,-87.9,0,6.50
76,4,2,-99.9,0,6.64
77,4,2,-110.9,0,7.05
78,4,2,-120.5,0,7.69
79,4,2,-128.5,0,8.50
80,4,2,-135.1,0,9.44
81,4,2,-140.4,0,10.48
82,4,2,-144.7,0,11.58
83,4,2,-148.3,0,12.74
84,4,2,-151.2,0,13.93
85,4,2,-153.7,0,15.16
86,4,2,-155.8,0,16.41
87,4,2,-157.7,0,17.67
88,4,2,-159.2,0,18.95
89,4,2,-160.6,0,20.24
90,4,2,-161.8,0,21.55
91,4,2,-162.9,0,22.85
92,4,2,-163.8,0,24.17
93,4,2,-164.7,0,25.49
94,4,2,-165.5,0,26.82
95,4,2,-166.2,0,28.15
96,4,2,-166.8,0,29.48
97,4,2,-167.4,0,30.82
98,4,2,-167.9,0,32.16
99,4,2,-168.4,0,33.50
