t_s,obj,class,az_deg,dist_m,vis
0.1,0,crossing,56.3,3.74,1
0.2,0,crossing,56.3,3.74,1
0.3,0,crossing,56.3,3.74,1
0.4,0,crossing,56.3,3.74,1
0.5,0,crossing,56.3,3.74,1
0.6,0,crossing,56.3,3.74,1
0.7,0,crossing,56.3,3.74,1
0.8,0,crossing,56.3,3.74,1
0.9,0,crossing,56.3,3.74,1
1.0,0,crossing,56.3,3.74,1
1.1,0,crossing,56.3,3.74,1
1.2,0,crossing,56.3,3.74,1
1.3,0,crossing,56.3,3.74,1
1.4,0,crossing,56.3,3.74,1
1.5,0,crossing,56.3,3.74,1
1.6,0,crossing,56.3,3.74,1
1.7,0,crossing,56.3,3.74,1
1.8,0,crossing,56.3,3.74,1
1.9,0,crossing,56.3,3.74,1
2.0,0,crossing,56.3,3.74,1
2.1,0,crossing,56.3,3.74,1
2.2,0,crossing,56.3,3.74,1
2.3,0,crossing,56.3,3.74,1
2.4,0,crossing,56.3,3.74,1
2.5,0,crossing,56.3,3.74,1
2.6,0,crossing,56.3,3.74,1
2.7,0,crossing,56.3,3.74,1
2.8,0,crossing,56.3,3.74,1
2.9,0,crossing,56.3,3.74,1
3.0,0,crossing,56.3,3.74,1
3.1,0,crossing,56.3,3.74,1
3.2,0,crossing,56.3,3.74,1
3.3,0,crossing,56.3,3.74,1
3.4,0,crossing,56.3,3.74,1
3.5,0,crossing,56.3,3.74,1
3.6,0,crossing,56.3,3.74,1
3.7,0,crossing,56.3,3.74,1
3.8,0,crossing,56.3,3.74,1
3.9,0,crossing,56.3,3.74,1
4.0,0,crossing,56.3,3.74,1
4.1,0,crossing,56.3,3.74,1
4.2,0,crossing,56.3,3.74,1
4.3,0,crossing,56.3,3.74,1
4.4,0,crossing,56.3,3.74,1
4.5,0,crossing,56.3,3.74,1
4.6,0,crossing,56.3,3.74,1
4.7,0,crossing,56.3,3.74,1
4.8,0,crossing,56.3,3.74,1
4.9,0,crossing,56.3,3.74,1
5.0,0,crossing,56.3,3.74,1
5.1,0,crossing,56.3,3.74,1
5.2,0,crossing,56.3,3.74,1
5.3,0,crossing,56.3,3.74,1
5.4,0,crossing,56.3,3.74,1
5.5,0,crossing,56.3,3.74,1
5.6,0,crossing,56.3,3.74,1
5.7,0,crossing,56.3,3.74,1
5.8,0,crossing,56.3,3.74,1
5.9,0,crossing,56.3,3.74,1
6.0,0,crossing,56.3,3.74,1
6.1,0,crossing,56.3,3.74,1
6.2,0,crossing,56.3,3.74,1
6.3,0,crossing,56.3,3.74,1
6.4,0,crossing,56.3,3.74,1
6.5,0,crossing,56.3,3.74,1
6.6,0,crossing,56.3,3.74,1
6.7,0,crossing,56.3,3.74,1
6.8,0,crossing,56.3,3.74,1
6.9,0,crossing,56.3,3.74,1
7.0,0,crossing,56.3,3.74,1
7.1,0,crossing,56.3,3.74,1
7.2,0,crossing,56.3,3.74,1
7.3,0,crossing,56.3,3.74,1
7.4,0,crossing,56.3,3.74,1
7.5,0,crossing,56.3,3.74,1
7.6,0,crossing,56.3,3.74,1
7.7,0,crossing,56.3,3.74,1
7.8,0,crossing,56.3,3.74,1
7.9,0,crossing,56.3,3.74,1
8.0,0,crossing,56.3,3.74,1
8.1,0,crossing,56.3,3.74,1
8.2,0,crossing,56.3,3.74,1
8.3,0,crossing,56.3,3.74,1
8.4,0,crossing,56.3,3.74,1
8.5,0,crossing,56.3,3.74,1
8.6,0,crossing,56.3,3.74,1
8.7,0,crossing,56.3,3.74,1
8.8,0,crossing,56.3,3.74,1
8.9,0,crossing,56.3,3.74,1
9.0,0,crossing,56.3,3.74,1
9.1,0,crossing,56.3,3.74,1
9.2,0,crossing,56.3,3.74,1
9.3,0,crossing,56.3,3.74,1
9.4,0,crossing,56.3,3.74,1
9.5,0,crossing,56.3,3.74,1
9.6,0,crossing,56.3,3.74,1
9.7,0,crossing,56.3,3.74,1
9.8,0,crossing,56.3,3.74,1
9.9,0,crossing,56.3,3.74,1
0.3,1,train,2.9,95.13,1
0.4,1,train,2.9,93.47,1
0.5,1,train,3.0,91.80,1
0.6,1,train,3.0,90.14,1
0.7,1,train,3.1,88.47,1
0.8,1,train,3.1,86.81,1
0.9,1,train,3.2,85.15,1
1.0,1,train,3.3,83.48,1
1.1,1,train,3.3,81.82,1
1.2,1,train,3.4,80.16,1
1.3,1,train,3.5,78.49,1
1.4,1,train,3.6,76.83,1
1.5,1,train,3.6,75.17,1
1.6,1,train,3.7,73.50,1
1.7,1,train,3.8,71.84,1
1.8,1,train,3.9,70.18,1
1.9,1,train,4.0,68.52,1
2.0,1,train,4.1,66.85,1
2.1,1,train,4.2,65.19,1
2.2,1,train,4.3,63.53,1
2.3,1,train,4.4,61.87,1
2.4,1,train,4.5,60.21,1
2.5,1,train,4.7,58.55,1
2.6,1,train,4.8,56.89,1
2.7,1,train,4.9,55.23,1
2.8,1,train,5.1,53.57,1
2.9,1,train,5.3,51.91,1
3.0,1,train,5.4,50.25,1
3.1,1,train,5.6,48.59,1
3.2,1,train,5.8,46.93,1
3.3,1,train,6.0,45.28,1
3.4,1,train,6.3,43.62,1
3.5,1,train,6.5,41.97,1
3.6,1,train,6.8,40.31,1
3.7,1,train,7.1,38.66,1
3.8,1,train,7.4,37.01,1
3.9,1,train,7.7,35.36,1
4.0,1,train,8.1,33.71,1
4.1,1,train,8.5,32.06,1
4.2,1,train,9.0,30.41,1
4.3,1,train,9.5,28.77,1
4.4,1,train,10.1,27.13,1
4.5,1,train,10.8,25.50,1
4.6,1,train,11.5,23.86,1
4.7,1,train,12.4,22.24,1
4.8,1,train,13.4,20.62,1
4.9,1,train,14.5,19.00,1
5.0,1,train,15.9,17.40,1
5.1,1,train,17.6,15.81,1
5.2,1,train,19.6,14.24,1
5.3,1,train,22.1,12.69,1
5.4,1,train,25.3,11.18,1
5.5,1,train,29.5,9.72,1
5.6,1,train,35.2,8.33,1
5.7,1,train,43.0,7.07,1
5.8,1,train,54.0,6.01,1
5.9,1,train,68.9,5.27,1
6.0,1,train,87.2,5.00,1
6.1,1,train,105.8,5.27,1
6.2,1,train,121.4,6.01,1
6.3,1,train,133.0,7.07,1
6.4,1,train,141.5,8.33,1
6.5,1,train,147.6,9.72,1
6.6,1,train,152.2,11.18,1
6.7,1,train,155.7,12.69,1
6.8,1,train,158.5,14.24,1
6.9,1,train,160.7,15.81,1
7.0,1,train,162.5,17.40,1
7.1,1,train,164.0,19.00,1
7.2,1,train,165.3,20.62,1
7.3,1,train,166.4,22.24,1
7.4,1,train,167.3,23.86,1
7.5,1,train,168.1,25.50,1
7.6,1,train,168.9,27.13,1
7.7,1,train,169.5,28.77,1
7.8,1,train,170.1,30.41,1
7.9,1,train,170.6,32.06,1
8.0,1,train,171.1,33.71,1
8.1,1,train,171.5,35.36,1
8.2,1,train,171.9,37.01,1
8.3,1,train,172.2,38.66,1
8.4,1,train,172.5,40.31,1
8.5,1,train,172.8,41.97,1
8.6,1,train,173.1,43.62,1
8.7,1,train,173.4,45.28,1
8.8,1,train,173.6,46.93,1
8.9,1,train,173.8,48.59,1
9.0,1,train,174.0,50.25,1
9.1,1,train,174.2,51.91,1
9.2,1,train,174.4,53.57,1
9.3,1,train,174.6,55.23,1
9.4,1,train,174.7,56.89,1
9.5,1,train,174.9,58.55,1
9.6,1,train,175.0,60.21,1
9.7,1,train,175.1,61.87,1
9.8,1,train,175.3,63.53,1
9.9,1,train,175.4,65.19,1
0.4,2,train,2.4,113.44,1
0.5,2,train,2.4,111.78,1
0.6,2,train,2.5,110.11,1
0.7,2,train,2.5,108.45,1
0.8,2,train,2.6,106.78,1
0.9,2,train,2.6,105.12,1
1.0,2,train,2.6,103.45,1
1.1,2,train,2.7,101.79,1
1.2,2,train,2.7,100.12,1
1.3,2,train,2.8,98.46,1
1.4,2,train,2.8,96.80,1
1.5,2,train,2.9,95.13,1
1.6,2,train,2.9,93.47,1
1.7,2,train,3.0,91.80,1
1.8,2,train,3.0,90.14,1
1.9,2,train,3.1,88.47,1
2.0,2,train,3.1,86.81,1
2.1,2,train,3.2,85.15,1
2.2,2,train,3.3,83.48,1
2.3,2,train,3.3,81.82,1
2.4,2,train,3.4,80.16,1
2.5,2,train,3.5,78.49,1
2.6,2,train,3.6,76.83,1
2.7,2,train,3.6,75.17,1
2.8,2,train,3.7,73.50,1
2.9,2,train,3.8,71.84,1
3.0,2,train,3.9,70.18,1
3.1,2,train,4.0,68.52,1
3.2,2,train,4.1,66.85,1
3.3,2,train,4.2,65.19,1
3.4,2,train,4.3,63.53,1
3.5,2,train,4.4,61.87,1
3.6,2,train,4.5,60.21,1
3.7,2,train,4.7,58.55,1
3.8,2,train,4.8,56.89,1
3.9,2,train,4.9,55.23,1
4.0,2,train,5.1,53.57,1
4.1,2,train,5.3,51.91,1
4.2,2,train,5.4,50.25,1
4.3,2,train,5.6,48.59,1
4.4,2,train,5.8,46.93,1
4.5,2,train,6.0,45.28,1
4.6,2,train,6.3,43.62,1
4.7,2,train,6.5,41.97,1
4.8,2,train,6.8,40.31,1
4.9,2,train,7.1,38.66,1
5.0,2,train,7.4,37.01,1
5.1,2,train,7.7,35.36,1
5.2,2,train,8.1,33.71,1
5.3,2,train,8.5,32.06,1
5.4,2,train,9.0,30.41,1
5.5,2,train,9.5,28.77,1
5.6,2,train,10.1,27.13,1
5.7,2,train,10.8,25.50,1
5.8,2,train,11.5,23.86,1
5.9,2,train,12.4,22.24,1
6.0,2,train,13.4,20.62,1
6.1,2,train,14.5,19.00,1
6.2,2,train,15.9,17.40,1
6.3,2,train,17.6,15.81,1
6.4,2,train,19.6,14.24,1
6.5,2,train,22.1,12.69,1
6.6,2,train,25.3,11.18,1
6.7,2,train,29.5,9.72,1
6.8,2,train,35.2,8.33,1
6.9,2,train,43.0,7.07,1
7.0,2,train,54.0,6.01,1
7.1,2,train,68.9,5.27,1
7.2,2,train,87.2,5.00,1
7.3,2,train,105.8,5.27,1
7.4,2,train,121.4,6.01,1
7.5,2,train,133.0,7.07,1
7.6,2,train,141.5,8.33,1
7.7,2,train,147.6,9.72,1
7.8,2,train,152.2,11.18,1
7.9,2,train,155.7,12.69,1
8.0,2,train,158.5,14.24,1
8.1,2,train,160.7,15.81,1
8.2,2,train,162.5,17.40,1
8.3,2,train,164.0,19.00,1
8.4,2,train,165.3,20.62,1
8.5,2,train,166.4,22.24,1
8.6,2,train,167.3,23.86,1
8.7,2,train,168.1,25.50,1
8.8,2,train,168.9,27.13,1
8.9,2,train,169.5,28.77,1
9.0,2,train,170.1,30.41,1
9.1,2,train,170.6,32.06,1
9.2,2,train,171.1,33.71,1
9.3,2,train,171.5,35.36,1
9.4,2,train,171.9,37.01,1
9.5,2,train,172.2,38.66,1
9.6,2,train,172.5,40.31,1
9.7,2,train,172.8,41.97,1
9.8,2,train,173.1,43.62,1
9.9,2,train,173.4,45.28,1
0.5,3,train,2.1,131.76,1
0.6,3,train,2.1,130.10,1
0.7,3,train,2.1,128.43,1
0.8,3,train,2.2,126.77,1
0.9,3,train,2.2,125.10,1
1.0,3,train,2.2,123.43,1
1.1,3,train,2.2,121.77,1
1.2,3,train,2.3,120.10,1
1.3,3,train,2.3,118.44,1
1.4,3,train,2.3,116.77,1
1.5,3,train,2.4,115.11,1
1.6,3,train,2.4,113.44,1
1.7,3,train,2.4,111.78,1
1.8,3,train,2.5,110.11,1
1.9,3,train,2.5,108.45,1
2.0,3,train,2.6,106.78,1
2.1,3,train,2.6,105.12,1
2.2,3,train,2.6,103.45,1
2.3,3,train,2.7,101.79,1
2.4,3,train,2.7,100.12,1
2.5,3,train,2.8,98.46,1
2.6,3,train,2.8,96.80,1
2.7,3,train,2.9,95.13,1
2.8,3,train,2.9,93.47,1
2.9,3,train,3.0,91.80,1
3.0,3,train,3.0,90.14,1
3.1,3,train,3.1,88.47,1
3.2,3,train,3.1,86.81,1
3.3,3,train,3.2,85.15,1
3.4,3,train,3.3,83.48,1
3.5,3,train,3.3,81.82,1
3.6,3,train,3.4,80.16,1
3.7,3,train,3.5,78.49,1
3.8,3,train,3.6,76.83,1
3.9,3,train,3.6,75.17,1
4.0,3,train,3.7,73.50,1
4.1,3,train,3.8,71.84,1
4.2,3,train,3.9,70.18,1
4.3,3,train,4.0,68.52,1
4.4,3,train,4.1,66.85,1
4.5,3,train,4.2,65.19,1
4.6,3,train,4.3,63.53,1
4.7,3,train,4.4,61.87,1
4.8,3,train,4.5,60.21,1
4.9,3,train,4.7,58.55,1
5.0,3,train,4.8,56.89,1
5.1,3,train,4.9,55.23,1
5.2,3,train,5.1,53.57,1
5.3,3,train,5.3,51.91,1
5.4,3,train,5.4,50.25,1
5.5,3,train,5.6,48.59,1
5.6,3,train,5.8,46.93,1
5.7,3,train,6.0,45.28,1
5.8,3,train,6.3,43.62,1
5.9,3,train,6.5,41.97,1
6.0,3,train,6.8,40.31,1
6.1,3,train,7.1,38.66,1
6.2,3,train,7.4,37.01,1
6.3,3,train,7.7,35.36,1
6.4,3,train,8.1,33.71,1
6.5,3,train,8.5,32.06,1
6.6,3,train,9.0,30.41,1
6.7,3,train,9.5,28.77,1
6.8,3,train,10.1,27.13,1
6.9,3,train,10.8,25.50,1
7.0,3,train,11.5,23.86,1
7.1,3,train,12.4,22.24,1
7.2,3,train,13.4,20.62,1
7.3,3,train,14.5,19.00,1
7.4,3,train,15.9,17.40,1
7.5,3,train,17.6,15.81,1
7.6,3,train,19.6,14.24,1
7.7,3,train,22.1,12.69,1
7.8,3,train,25.3,11.18,1
7.9,3,train,29.5,9.72,1
8.0,3,train,35.2,8.33,1
8.1,3,train,43.0,7.07,1
8.2,3,train,54.0,6.01,1
8.3,3,train,68.9,5.27,1
8.4,3,train,87.2,5.00,1
8.5,3,train,105.8,5.27,1
8.6,3,train,121.4,6.01,1
8.7,3,train,133.0,7.07,1
8.8,3,train,141.5,8.33,1
8.9,3,train,147.6,9.72,1
9.0,3,train,152.2,11.18,1
9.1,3,train,155.7,12.69,1
9.2,3,train,158.5,14.24,1
9.3,3,train,160.7,15.81,1
9.4,3,train,162.5,17.40,1
9.5,3,train,164.0,19.00,1
9.6,3,train,165.3,20.62,1
9.7,3,train,166.4,22.24,1
9.8,3,train,167.3,23.86,1
9.9,3,train,168.1,25.50,1
0.5,4,train,1.8,151.75,1
0.6,4,train,1.8,150.08,1
0.7,4,train,1.8,148.42,1
0.8,4,train,1.9,146.75,1
0.9,4,train,1.9,145.09,1
1.0,4,train,1.9,143.42,1
1.1,4,train,1.9,141.75,1
1.2,4,train,1.9,140.09,1
1.3,4,train,2.0,138.42,1
1.4,4,train,2.0,136.76,1
1.5,4,train,2.0,135.09,1
1.6,4,train,2.0,133.43,1
1.7,4,train,2.1,131.76,1
1.8,4,train,2.1,130.10,1
1.9,4,train,2.1,128.43,1
2.0,4,train,2.2,126.77,1
2.1,4,train,2.2,125.10,1
2.2,4,train,2.2,123.43,1
2.3,4,train,2.2,121.77,1
2.4,4,train,2.3,120.10,1
2.5,4,train,2.3,118.44,1
2.6,4,train,2.3,116.77,1
2.7,4,train,2.4,115.11,1
2.8,4,train,2.4,113.44,1
2.9,4,train,2.4,111.78,1
3.0,4,train,2.5,110.11,1
3.1,4,train,2.5,108.45,1
3.2,4,train,2.6,106.78,1
3.3,4,train,2.6,105.12,1
3.4,4,train,2.6,103.45,1
3.5,4,train,2.7,101.79,1
3.6,4,train,2.7,100.12,1
3.7,4,train,2.8,98.46,1
3.8,4,train,2.8,96.80,1
3.9,4,train,2.9,95.13,1
4.0,4,train,2.9,93.47,1
4.1,4,train,3.0,91.80,1
4.2,4,train,3.0,90.14,1
4.3,4,train,3.1,88.47,1
4.4,4,train,3.1,86.81,1
4.5,4,train,3.2,85.15,1
4.6,4,train,3.3,83.48,1
4.7,4,train,3.3,81.82,1
4.8,4,train,3.4,80.16,1
4.9,4,train,3.5,78.49,1
5.0,4,train,3.6,76.83,1
5.1,4,train,3.6,75.17,1
5.2,4,train,3.7,73.50,1
5.3,4,train,3.8,71.84,1
5.4,4,train,3.9,70.18,1
5.5,4,train,4.0,68.52,1
5.6,4,train,4.1,66.85,1
5.7,4,train,4.2,65.19,1
5.8,4,train,4.3,63.53,1
5.9,4,train,4.4,61.87,1
6.0,4,train,4.5,60.21,1
6.1,4,train,4.7,58.55,1
6.2,4,train,4.8,56.89,1
6.3,4,train,4.9,55.23,1
6.4,4,train,5.1,53.57,1
6.5,4,train,5.3,51.91,1
6.6,4,train,5.4,50.25,1
6.7,4,train,5.6,48.59,1
6.8,4,train,5.8,46.93,1
6.9,4,train,6.0,45.28,1
7.0,4,train,6.3,43.62,1
7.1,4,train,6.5,41.97,1
7.2,4,train,6.8,40.31,1
7.3,4,train,7.1,38.66,1
7.4,4,train,7.4,37.01,1
7.5,4,train,7.7,35.36,1
7.6,4,train,8.1,33.71,1
7.7,4,train,8.5,32.06,1
7.8,4,train,9.0,30.41,1
7.9,4,train,9.5,28.77,1
8.0,4,train,10.1,27.13,1
8.1,4,train,10.8,25.50,1
8.2,4,train,11.5,23.86,1
8.3,4,train,12.4,22.24,1
8.4,4,train,13.4,20.62,1
8.5,4,train,14.5,19.00,1
8.6,4,train,15.9,17.40,1
8.7,4,train,17.6,15.81,1
8.8,4,train,19.6,14.24,1
8.9,4,train,22.1,12.69,1
9.0,4,train,25.3,11.18,1
9.1,4,train,29.5,9.72,1
9.2,4,train,35.2,8.33,1
9.3,4,train,43.0,7.07,1
9.4,4,train,54.0,6.01,1
9.5,4,train,68.9,5.27,1
9.6,4,train,87.2,5.00,1
9.7,4,train,105.8,5.27,1
9.8,4,train,121.4,6.01,1
9.9,4,train,133.0,7.07,1
0.6,5,train,1.6,170.07,1
0.7,5,train,1.6,168.41,1
0.8,5,train,1.6,166.74,1
0.9,5,train,1.7,165.08,1
1.0,5,train,1.7,163.41,1
1.1,5,train,1.7,161.74,1
1.2,5,train,1.7,160.08,1
1.3,5,train,1.7,158.41,1
1.4,5,train,1.7,156.75,1
1.5,5,train,1.8,155.08,1
1.6,5,train,1.8,153.41,1
1.7,5,train,1.8,151.75,1
1.8,5,train,1.8,150.08,1
1.9,5,train,1.8,148.42,1
2.0,5,train,1.9,146.75,1
2.1,5,train,1.9,145.09,1
2.2,5,train,1.9,143.42,1
2.3,5,train,1.9,141.75,1
2.4,5,train,1.9,140.09,1
2.5,5,train,2.0,138.42,1
2.6,5,train,2.0,136.76,1
2.7,5,train,2.0,135.09,1
2.8,5,train,2.0,133.43,1
2.9,5,train,2.1,131.76,1
3.0,5,train,2.1,130.10,1
3.1,5,train,2.1,128.43,1
3.2,5,train,2.2,126.77,1
3.3,5,train,2.2,125.10,1
3.4,5,train,2.2,123.43,1
3.5,5,train,2.2,121.77,1
3.6,5,train,2.3,120.10,1
3.7,5,train,2.3,118.44,1
3.8,5,train,2.3,116.77,1
3.9,5,train,2.4,115.11,1
4.0,5,train,2.4,113.44,1
4.1,5,train,2.4,111.78,1
4.2,5,train,2.5,110.11,1
4.3,5,train,2.5,108.45,1
4.4,5,train,2.6,106.78,1
4.5,5,train,2.6,105.12,1
4.6,5,train,2.6,103.45,1
4.7,5,train,2.7,101.79,1
4.8,5,train,2.7,100.12,1
4.9,5,train,2.8,98.46,1
5.0,5,train,2.8,96.80,1
5.1,5,train,2.9,95.13,1
5.2,5,train,2.9,93.47,1
5.3,5,train,3.0,91.80,1
5.4,5,train,3.0,90.14,1
5.5,5,train,3.1,88.47,1
5.6,5,train,3.1,86.81,1
5.7,5,train,3.2,85.15,1
5.8,5,train,3.3,83.48,1
5.9,5,train,3.3,81.82,1
6.0,5,train,3.4,80.16,1
6.1,5,train,3.5,78.49,1
6.2,5,train,3.6,76.83,1
6.3,5,train,3.6,75.17,1
6.4,5,train,3.7,73.50,1
6.5,5,train,3.8,71.84,1
6.6,5,train,3.9,70.18,1
6.7,5,train,4.0,68.52,1
6.8,5,train,4.1,66.85,1
6.9,5,train,4.2,65.19,1
7.0,5,train,4.3,63.53,1
7.1,5,train,4.4,61.87,1
7.2,5,train,4.5,60.21,1
7.3,5,train,4.7,58.55,1
7.4,5,train,4.8,56.89,1
7.5,5,train,4.9,55.23,1
7.6,5,train,5.1,53.57,1
7.7,5,train,5.3,51.91,1
7.8,5,train,5.4,50.25,1
7.9,5,train,5.6,48.59,1
8.0,5,train,5.8,46.93,1
8.1,5,train,6.0,45.28,1
8.2,5,train,6.3,43.62,1
8.3,5,train,6.5,41.97,1
8.4,5,train,6.8,40.31,1
8.5,5,train,7.1,38.66,1
8.6,5,train,7.4,37.01,1
8.7,5,train,7.7,35.36,1
8.8,5,train,8.1,33.71,1
8.9,5,train,8.5,32.06,1
9.0,5,train,9.0,30.41,1
9.1,5,train,9.5,28.77,1
9.2,5,train,10.1,27.13,1
9.3,5,train,10.8,25.50,1
9.4,5,train,11.5,23.86,1
9.5,5,train,12.4,22.24,1
9.6,5,train,13.4,20.62,1
9.7,5,train,14.5,19.00,1
9.8,5,train,15.9,17.40,1
9.9,5,train,17.6,15.81,1
0.6,6,train,1.4,190.07,1
0.7,6,train,1.4,188.40,1
0.8,6,train,1.5,186.73,1
0.9,6,train,1.5,185.07,1
1.0,6,train,1.5,183.40,1
1.1,6,train,1.5,181.74,1
1.2,6,train,1.5,180.07,1
1.3,6,train,1.5,178.40,1
1.4,6,train,1.5,176.74,1
1.5,6,train,1.6,175.07,1
1.6,6,train,1.6,173.41,1
1.7,6,train,1.6,171.74,1
1.8,6,train,1.6,170.07,1
1.9,6,train,1.6,168.41,1
2.0,6,train,1.6,166.74,1
2.1,6,train,1.7,165.08,1
2.2,6,train,1.7,163.41,1
2.3,6,train,1.7,161.74,1
2.4,6,train,1.7,160.08,1
2.5,6,train,1.7,158.41,1
2.6,6,train,1.7,156.75,1
2.7,6,train,1.8,155.08,1
2.8,6,train,1.8,153.41,1
2.9,6,train,1.8,151.75,1
3.0,6,train,1.8,150.08,1
3.1,6,train,1.8,148.42,1
3.2,6,train,1.9,146.75,1
3.3,6,train,1.9,145.09,1
3.4,6,train,1.9,143.42,1
3.5,6,train,1.9,141.75,1
3.6,6,train,1.9,140.09,1
3.7,6,train,2.0,138.42,1
3.8,6,train,2.0,136.76,1
3.9,6,train,2.0,135.09,1
4.0,6,train,2.0,133.43,1
4.1,6,train,2.1,131.76,1
4.2,6,train,2.1,130.10,1
4.3,6,train,2.1,128.43,1
4.4,6,train,2.2,126.77,1
4.5,6,train,2.2,125.10,1
4.6,6,train,2.2,123.43,1
4.7,6,train,2.2,121.77,1
4.8,6,train,2.3,120.10,1
4.9,6,train,2.3,118.44,1
5.0,6,train,2.3,116.77,1
5.1,6,train,2.4,115.11,1
5.2,6,train,2.4,113.44,1
5.3,6,train,2.4,111.78,1
5.4,6,train,2.5,110.11,1
5.5,6,train,2.5,108.45,1
5.6,6,train,2.6,106.78,1
5.7,6,train,2.6,105.12,1
5.8,6,train,2.6,103.45,1
5.9,6,train,2.7,101.79,1
6.0,6,train,2.7,100.12,1
6.1,6,train,2.8,98.46,1
6.2,6,train,2.8,96.80,1
6.3,6,train,2.9,95.13,1
6.4,6,train,2.9,93.47,1
6.5,6,train,3.0,91.80,1
6.6,6,train,3.0,90.14,1
6.7,6,train,3.1,88.47,1
6.8,6,train,3.1,86.81,1
6.9,6,train,3.2,85.15,1
7.0,6,train,3.3,83.48,1
7.1,6,train,3.3,81.82,1
7.2,6,train,3.4,80.16,1
7.3,6,train,3.5,78.49,1
7.4,6,train,3.6,76.83,1
7.5,6,train,3.6,75.17,1
7.6,6,train,3.7,73.50,1
7.7,6,train,3.8,71.84,1
7.8,6,train,3.9,70.18,1
7.9,6,train,4.0,68.52,1
8.0,6,train,4.1,66.85,1
8.1,6,train,4.2,65.19,1
8.2,6,train,4.3,63.53,1
8.3,6,train,4.4,61.87,1
8.4,6,train,4.5,60.21,1
8.5,6,train,4.7,58.55,1
8.6,6,train,4.8,56.89,1
8.7,6,train,4.9,55.23,1
8.8,6,train,5.1,53.57,1
8.9,6,train,5.3,51.91,1
9.0,6,train,5.4,50.25,1
9.1,6,train,5.6,48.59,1
9.2,6,train,5.8,46.93,1
9.3,6,train,6.0,45.28,1
9.4,6,train,6.3,43.62,1
9.5,6,train,6.5,41.97,1
9.6,6,train,6.8,40.31,1
9.7,6,train,7.1,38.66,1
9.8,6,train,7.4,37.01,1
9.9,6,train,7.7,35.36,1
