1,4,0,-163.7,0,11.93
2,4,0,-162.1,0,10.85
3,4,0,-160.0,0,9.79
4,4,0,-157.5,0,8.74
5,4,0,-154.3,0,7.72
6,4,0,-150.1,0,6.72
7,4,0,-144.5,0,5.78
8,4,0,-136.8,0,4.92
9,4,0,-126.2,0,4.20
10,4,0,-111.7,0,3.68
11,4,0,-94.0,0,3.46
12,4,0,-75.6,0,3.61
13,4,0,-59.9,0,4.07
14,4,0,-48.1,0,4.77
15,4,0,-39.4,0,5.60
16,4,0,-33.1,0,6.53
17,4,0,-28.4,0,7.51
18,4,0,-24.8,0,8.53
19,4,0,-21.9,0,9.58
20,4,0,-19.7,0,10.64
21,4,0,-17.8,0,11.72
22,4,0,-16.2,0,12.80
23,4,0,-14.9,0,13.89
24,4,0,-13.8,0,14.99
25,4,0,-12.9,0,16.09
26,4,0,-12.0,0,17.20
27,4,0,-11.3,0,18.31
28,4,0,-10.6,0,19.42
29,4,0,-10.1,0,20.53
30,4,0,-9.5,0,21.65
31,4,0,-9.1,0,22.76
32,4,0,-8.6,0,23.88
33,4,0,-8.2,0,25.00
34,4,0,-7.9,0,26.12
35,4,0,-7.6,0,27.24
36,4,0,-7.3,0,28.36
37,4,0,-7.0,0,29.49
38,4,0,-6.7,0,30.61
39,4,0,-6.5,0,31.73
40,4,0,-6.3,0,32.86
41,4,0,-6.1,0,33.98
42,4,0,-5.9,0,35.11
43,4,0,-5.7,0,36.23
44,4,0,-5.5,0,37.36
204,4,0,-24.8,0,19.23
205,4,0,-26.7,0,18.01
206,4,0,-28.7,0,16.81
207,4,0,-31.2,0,15.64
208,4,0,-33.9,0,14.51
209,4,0,-37.2,0,13.42
210,4,0,-41.0,0,12.38
211,4,0,-45.5,0,11.41
212,4,0,-50.8,0,10.53
213,4,0,-57.1,0,9.76
214,4,0,-64.3,0,9.13
215,4,0,-72.5,0,8.67
216,4,0,-81.4,0,8.40
217,4,0,-90.7,0,8.36
218,4,0,-100.0,0,8.54
219,4,0,-108.6,0,8.92
220,4,0,-116.5,0,9.49
221,4,0,-123.4,0,10.20
222,4,0,-129.3,0,11.04
223,4,0,-134.4,0,11.98
224,4,0,-138.7,0,12.99
225,4,0,-142.4,0,14.07
226,4,0,-145.5,0,15.19
227,4,0,-148.2,0,16.34
228,4,0,-150.6,0,17.53
229,4,0,-152.6,0,18.74
336,4,0,-13.0,0,35.69
337,4,0,-13.6,0,34.38
338,4,0,-14.1,0,33.06
339,4,0,-14.7,0,31.75
340,4,0,-15.4,0,30.45
341,4,0,-16.1,0,29.15
342,4,0,-16.8,0,27.85
343,4,0,-17.7,0,26.56
344,4,0,-18.6,0,25.28
345,4,0,-19.6,0,24.00
346,4,0,-20.8,0,22.74
347,4,0,-22.1,0,21.48
348,4,0,-23.5,0,20.24
349,4,0,-25.1,0,19.01
350,4,0,-27.0,0,17.80
351,4,0,-29.1,0,16.62
352,4,0,-31.6,0,15.46
353,4,0,-34.4,0,14.34
354,4,0,-37.7,0,13.26
355,4,0,-41.6,0,12.24
356,4,0,-46.2,0,11.28
357,4,0,-51.6,0,10.42
358,4,0,-57.9,0,9.67
359,4,0,-65.2,0,9.06
360,4,0,-73.4,0,8.63
361,4,0,-82.4,0,8.39
362,4,0,-91.7,0,8.37
363,4,0,-100.8,0,8.56
364,4,0,-109.4,0,8.96
365,4,0,-117.1,0,9.54
366,4,0,-123.9,0,10.26
367,4,0,-129.7,0,11.10
368,4,0,-134.7,0,12.04
369,4,0,-138.9,0,13.05
370,4,0,-142.5,0,14.12
371,4,0,-145.6,0,15.23
372,4,0,-148.3,0,16.39
373,4,0,-150.6,0,17.56
374,4,0,-152.7,0,18.77
375,4,0,-154.5,0,19.99
376,4,0,-156.0,0,21.23
377,4,0,-157.4,0,22.48
378,4,0,-158.7,0,23.75
379,4,0,-159.8,0,25.02
380,4,0,-160.8,0,26.30
381,4,0,-161.8,0,27.59
382,4,0,-162.6,0,28.89
383,4,0,-163.4,0,30.19
384,4,0,-164.1,0,31.49
385,4,0,-164.7,0,32.80
386,4,0,-165.3,0,34.11
387,4,0,-165.9,0,35.43
1,4,1,-104.4,0,8.68
2,4,1,-110.5,0,9.00
3,4,1,-116.2,0,9.41
4,4,1,-121.3,0,9.90
5,4,1,-125.9,0,10.47
6,4,1,-130.1,0,11.09
7,4,1,-133.7,0,11.76
8,4,1,-137.0,0,12.48
9,4,1,-139.9,0,13.22
10,4,1,-142.5,0,14.00
11,4,1,-144.9,0,14.81
12,4,1,-146.9,0,15.63
13,4,1,-148.8,0,16.47
14,4,1,-150.5,0,17.33
15,4,1,-152.0,0,18.20
16,4,1,-153.4,0,19.08
17,4,1,-154.7,0,19.97
18,4,1,-155.8,0,20.87
19,4,1,-156.9,0,21.78
20,4,1,-157.9,0,22.69
21,4,1,-158.8,0,23.61
44,4,1,-168.5,0,16.89
45,4,1,-167.9,0,15.95
46,4,1,-167.1,0,15.01
47,4,1,-166.2,0,14.08
48,4,1,-165.2,0,13.15
49,4,1,-164.1,0,12.23
50,4,1,-162.7,0,11.31
51,4,1,-161.2,0,10.40
52,4,1,-159.3,0,9.50
53,4,1,-157.0,0,8.61
54,4,1,-154.2,0,7.74
55,4,1,-150.8,0,6.89
56,4,1,-146.3,0,6.08
57,4,1,-140.6,0,5.32
58,4,1,-133.0,0,4.63
59,4,1,-123.0,0,4.05
60,4,1,-110.2,0,3.65
61,4,1,-95.0,0,3.47
62,4,1,-79.2,0,3.54
63,4,1,-65.1,0,3.87
64,4,1,-53.6,0,4.38
65,4,1,-44.7,0,5.03
66,4,1,-38.0,0,5.77
67,4,1,-32.8,0,6.56
68,4,1,-28.7,0,7.39
69,4,1,-25.5,0,8.26
70,4,1,-22.9,0,9.14
71,4,1,-20.8,0,10.03
72,4,1,-19.0,0,10.94
73,4,1,-17.5,0,11.86
74,4,1,-16.2,0,12.78
75,4,1,-15.1,0,13.71
76,4,1,-14.1,0,14.64
77,4,1,-13.2,0,15.57
78,4,1,-12.5,0,16.51
79,4,1,-11.8,0,17.45
197,4,1,-174.7,0,35.93
198,4,1,-174.5,0,34.71
199,4,1,-174.3,0,33.48
200,4,1,-174.1,0,32.25
201,4,1,-173.8,0,31.03
202,4,1,-173.6,0,29.80
203,4,1,-173.3,0,28.58
204,4,1,-173.0,0,27.35
205,4,1,-172.7,0,26.13
206,4,1,-172.3,0,24.91
207,4,1,-171.9,0,23.69
208,4,1,-171.5,0,22.47
209,4,1,-171.0,0,21.25
210,4,1,-170.4,0,20.03
211,4,1,-169.8,0,18.82
212,4,1,-169.1,0,17.61
213,4,1,-168.3,0,16.40
214,4,1,-167.4,0,15.20
215,4,1,-166.3,0,14.00
216,4,1,-164.9,0,12.81
217,4,1,-163.4,0,11.63
218,4,1,-161.4,0,10.46
219,4,1,-159.0,0,9.30
220,4,1,-155.9,0,8.17
221,4,1,-151.8,0,7.07
222,4,1,-146.3,0,6.03
223,4,1,-138.5,0,5.07
224,4,1,-127.3,0,4.25
225,4,1,-111.8,0,3.67
226,4,1,-92.3,0,3.46
227,4,1,-72.5,0,3.67
228,4,1,-56.4,0,4.25
229,4,1,-44.6,0,5.07
230,4,1,-36.3,0,6.03
231,4,1,-30.4,0,7.07
232,4,1,-26.0,0,8.17
233,4,1,-22.7,0,9.30
234,4,1,-20.1,0,10.46
235,4,1,-18.0,0,11.63
236,4,1,-16.3,0,12.81
237,4,1,-14.9,0,14.00
238,4,1,-13.7,0,15.20
239,4,1,-12.7,0,16.40
240,4,1,-11.8,0,17.61
241,4,1,-11.0,0,18.82
242,4,1,-10.3,0,20.03
243,4,1,-9.7,0,21.25
244,4,1,-9.2,0,22.47
245,4,1,-8.7,0,23.69
246,4,1,-8.3,0,24.91
247,4,1,-7.9,0,26.13
248,4,1,-7.6,0,27.35
249,4,1,-7.2,0,28.58
250,4,1,-6.9,0,29.80
251,4,1,-6.7,0,31.03
252,4,1,-6.4,0,32.25
253,4,1,-6.2,0,33.48
254,4,1,-5.9,0,34.71
255,4,1,-5.7,0,35.93
492,4,0,-169.6,0,18.64
493,4,0,-169.1,0,17.74
494,4,0,-168.5,0,16.85
495,4,0,-167.9,0,15.96
496,4,0,-167.1,0,15.07
497,4,0,-166.3,0,14.19
498,4,0,-165.4,0,13.30
499,4,0,-164.3,0,12.43
500,4,0,-163.1,0,11.55
501,4,0,-161.7,0,10.69
502,4,0,-160.0,0,9.83
503,4,0,-158.0,0,8.98
504,4,0,-155.6,0,8.15
505,4,0,-152.7,0,7.34
506,4,0,-149.0,0,6.55
507,4,0,-144.4,0,5.79
508,4,0,-138.4,0,5.09
509,4,0,-130.6,0,4.47
510,4,0,-120.5,0,3.95
511,4,0,-107.8,0,3.60
512,4,0,-93.2,0,3.46
513,4,0,-78.3,0,3.56
514,4,0,-65.0,0,3.87
515,4,0,-54.0,0,4.35
516,4,0,-45.4,0,4.96
517,4,0,-38.8,0,5.65
518,4,0,-33.7,0,6.39
519,4,0,-29.7,0,7.18
520,4,0,-26.4,0,7.99
521,4,0,-23.8,0,8.82
522,4,0,-21.6,0,9.66
523,4,0,-19.8,0,10.52
524,4,0,-18.2,0,11.38
525,4,0,-16.9,0,12.25
526,4,0,-15.7,0,13.13
527,4,0,-14.7,0,14.01
528,4,0,-13.8,0,14.89
529,4,0,-13.0,0,15.78
530,4,0,-12.3,0,16.67
531,4,0,-11.7,0,17.56
532,4,0,-11.1,0,18.46
413,4,0,-170.4,0,20.16
414,4,0,-170.0,0,19.36
415,4,0,-169.5,0,18.56
416,4,0,-169.1,0,17.76
417,4,0,-168.5,0,16.96
418,4,0,-168.0,0,16.16
419,4,0,-167.3,0,15.37
420,4,0,-166.6,0,14.58
421,4,0,-165.9,0,13.79
422,4,0,-165.0,0,13.00
423,4,0,-164.0,0,12.22
424,4,0,-162.9,0,11.44
425,4,0,-161.6,0,10.67
426,4,0,-160.1,0,9.90
427,4,0,-158.4,0,9.14
428,4,0,-156.3,0,8.40
429,4,0,-153.9,0,7.66
430,4,0,-150.9,0,6.95
431,4,0,-147.3,0,6.25
432,4,0,-142.8,0,5.59
433,4,0,-137.1,0,4.98
434,4,0,-129.9,0,4.43
435,4,0,-120.8,0,3.97
436,4,0,-109.7,0,3.64
437,4,0,-96.9,0,3.48
438,4,0,-83.5,0,3.49
439,4,0,-70.8,0,3.70
440,4,0,-59.9,0,4.06
441,4,0,-50.9,0,4.53
442,4,0,-43.8,0,5.10
443,4,0,-38.1,0,5.72
444,4,0,-33.6,0,6.39
445,4,0,-30.0,0,7.09
446,4,0,-27.0,0,7.81
447,4,0,-24.5,0,8.55
448,4,0,-22.4,0,9.30
449,4,0,-20.7,0,10.06
450,4,0,-19.1,0,10.82
451,4,0,-17.8,0,11.60
452,4,0,-16.7,0,12.38
453,4,0,-15.7,0,13.16
454,4,0,-14.8,0,13.95
455,4,0,-13.9,0,14.74
456,4,0,-13.2,0,15.53
457,4,0,-12.6,0,16.32
458,4,0,-12.0,0,17.12
459,4,0,-11.4,0,17.92
460,4,0,-10.9,0,18.72
461,4,0,-10.5,0,19.52
462,4,0,-10.1,0,20.32
199,4,2,-170.5,0,20.23
200,4,2,-170.0,0,19.29
201,4,2,-169.5,0,18.35
202,4,2,-168.9,0,17.41
203,4,2,-168.3,0,16.47
204,4,2,-167.5,0,15.53
205,4,2,-166.7,0,14.60
206,4,2,-165.8,0,13.67
207,4,2,-164.7,0,12.75
208,4,2,-163.5,0,11.83
209,4,2,-162.1,0,10.91
210,4,2,-160.4,0,10.01
211,4,2,-158.4,0,9.12
212,4,2,-155.9,0,8.24
213,4,2,-152.9,0,7.38
214,4,2,-149.1,0,6.55
215,4,2,-144.1,0,5.76
216,4,2,-137.7,0,5.02
217,4,2,-129.2,0,4.38
218,4,2,-118.1,0,3.87
219,4,2,-104.3,0,3.54
220,4,2,-88.6,0,3.47
221,4,2,-73.3,0,3.65
222,4,2,-60.2,0,4.05
223,4,2,-49.8,0,4.62
224,4,2,-41.9,0,5.31
225,4,2,-35.8,0,6.07
226,4,2,-31.1,0,6.88
227,4,2,-27.4,0,7.72
228,4,2,-24.5,0,8.59
229,4,2,-22.1,0,9.47
230,4,2,-20.1,0,10.37
231,4,2,-18.4,0,11.28
232,4,2,-17.0,0,12.19
233,4,2,-15.8,0,13.11
234,4,2,-14.7,0,14.04
235,4,2,-13.8,0,14.97
236,4,2,-13.0,0,15.91
237,4,2,-12.2,0,16.84
238,4,2,-11.6,0,17.78
239,4,2,-11.0,0,18.72
240,4,2,-10.5,0,19.67
241,4,2,-10.0,0,20.61
505,4,1,-172.5,0,25.41
506,4,1,-172.1,0,24.28
507,4,1,-171.7,0,23.15
508,4,1,-171.3,0,22.03
509,4,1,-170.8,0,20.90
510,4,1,-170.3,0,19.78
511,4,1,-169.7,0,18.66
512,4,1,-169.0,0,17.54
513,4,1,-168.3,0,16.43
514,4,1,-167.4,0,15.32
515,4,1,-166.4,0,14.21
516,4,1,-165.2,0,13.11
517,4,1,-163.9,0,12.01
518,4,1,-162.2,0,10.93
519,4,1,-160.2,0,9.85
520,4,1,-157.7,0,8.80
521,4,1,-154.5,0,7.76
522,4,1,-150.3,0,6.76
523,4,1,-144.7,0,5.81
524,4,1,-137.1,0,4.94
525,4,1,-126.4,0,4.21
526,4,1,-111.9,0,3.68
527,4,1,-94.0,0,3.46
528,4,1,-75.5,0,3.61
529,4,1,-59.8,0,4.08
530,4,1,-47.9,0,4.78
531,4,1,-39.2,0,5.63
532,4,1,-32.9,0,6.57
533,4,1,-28.2,0,7.56
534,4,1,-24.6,0,8.59
535,4,1,-21.8,0,9.64
536,4,1,-19.5,0,10.71
537,4,1,-17.7,0,11.79
538,4,1,-16.1,0,12.89
539,4,1,-14.8,0,13.99
540,4,1,-13.7,0,15.09
541,4,1,-12.8,0,16.20
542,4,1,-11.9,0,17.32
543,4,1,-11.2,0,18.44
544,4,1,-10.6,0,19.56
545,4,1,-10.0,0,20.68
546,4,1,-9.5,0,21.80
547,4,1,-9.0,0,22.93
548,4,1,-8.6,0,24.05
549,4,1,-8.2,0,25.18
101,4,0,-13.5,0,34.74
102,4,0,-14.0,0,33.75
103,4,0,-14.4,0,32.75
104,4,0,-14.8,0,31.76
105,4,0,-15.3,0,30.78
106,4,0,-15.9,0,29.79
107,4,0,-16.4,0,28.81
108,4,0,-17.0,0,27.83
109,4,0,-17.6,0,26.85
110,4,0,-18.3,0,25.88
111,4,0,-19.1,0,24.91
112,4,0,-19.9,0,23.95
113,4,0,-20.7,0,22.99
114,4,0,-21.7,0,22.04
115,4,0,-22.7,0,21.10
116,4,0,-23.8,0,20.16
117,4,0,-25.1,0,19.23
118,4,0,-26.4,0,18.31
119,4,0,-27.9,0,17.41
120,4,0,-29.6,0,16.51
121,4,0,-31.5,0,15.64
122,4,0,-33.5,0,14.78
123,4,0,-35.9,0,13.95
124,4,0,-38.5,0,13.14
125,4,0,-41.5,0,12.37
126,4,0,-44.8,0,11.63
127,4,0,-48.6,0,10.94
128,4,0,-52.9,0,10.31
129,4,0,-57.7,0,9.74
130,4,0,-63.1,0,9.26
131,4,0,-69.0,0,8.86
132,4,0,-75.4,0,8.57
133,4,0,-82.2,0,8.40
134,4,0,-89.2,0,8.35
135,4,0,-96.2,0,8.43
136,4,0,-103.0,0,8.62
137,4,0,-109.4,0,8.93
138,4,0,-115.4,0,9.35
139,4,0,-120.8,0,9.85
140,4,0,-125.6,0,10.43
141,4,0,-129.9,0,11.08
142,4,0,-133.8,0,11.78
143,4,0,-137.2,0,12.52
144,4,0,-140.2,0,13.30
145,4,0,-142.8,0,14.11
146,4,0,-145.2,0,14.95
147,4,0,-147.3,0,15.81
148,4,0,-149.2,0,16.69
149,4,0,-150.9,0,17.59
150,4,0,-152.5,0,18.49
151,4,0,-153.9,0,19.41
152,4,0,-155.2,0,20.34
153,4,0,-156.3,0,21.28
154,4,0,-157.4,0,22.23
155,4,0,-158.3,0,23.18
156,4,0,-159.2,0,24.14
157,4,0,-160.1,0,25.11
158,4,0,-160.8,0,26.08
159,4,0,-161.6,0,27.05
160,4,0,-162.2,0,28.03
161,4,0,-162.8,0,29.01
162,4,0,-163.4,0,29.99
163,4,0,-164.0,0,30.97
164,4,0,-164.5,0,31.96
165,4,0,-164.9,0,32.95
166,4,0,-165.4,0,33.95
167,4,0,-165.8,0,34.94
306,4,0,-22.5,0,21.04
307,4,0,-24.1,0,19.74
308,4,0,-25.9,0,18.45
309,4,0,-28.0,0,17.19
310,4,0,-30.4,0,15.95
311,4,0,-33.2,0,14.75
312,4,0,-36.6,0,13.60
313,4,0,-40.5,0,12.50
314,4,0,-45.1,0,11.47
315,4,0,-50.6,0,10.54
316,4,0,-57.2,0,9.74
317,4,0,-64.8,0,9.08
318,4,0,-73.5,0,8.62
319,4,0,-82.9,0,8.38
320,4,0,-92.7,0,8.38
321,4,0,-102.3,0,8.62
322,4,0,-111.2,0,9.08
323,4,0,-119.1,0,9.74
324,4,0,-125.9,0,10.54
325,4,0,-131.7,0,11.47
326,4,0,-136.6,0,12.50
327,4,0,-140.8,0,13.60
328,4,0,-144.3,0,14.75
329,4,0,-147.3,0,15.95
330,4,0,-149.9,0,17.19
331,4,0,-152.1,0,18.45
332,4,0,-154.0,0,19.74
333,4,0,-155.8,0,21.04
455,4,2,-170.1,0,19.64
456,4,2,-169.7,0,18.89
457,4,2,-169.3,0,18.14
458,4,2,-168.8,0,17.40
459,4,2,-168.3,0,16.65
460,4,2,-167.8,0,15.91
461,4,2,-167.1,0,15.17
462,4,2,-166.5,0,14.43
463,4,2,-165.7,0,13.69
464,4,2,-164.9,0,12.95
465,4,2,-164.0,0,12.22
466,4,2,-162.9,0,11.49
467,4,2,-161.7,0,10.77
468,4,2,-160.4,0,10.05
469,4,2,-158.8,0,9.34
470,4,2,-157.0,0,8.64
471,4,2,-154.8,0,7.95
472,4,2,-152.3,0,7.27
473,4,2,-149.2,0,6.61
474,4,2,-145.5,0,5.97
475,4,2,-140.9,0,5.37
476,4,2,-135.1,0,4.82
477,4,2,-128.0,0,4.32
478,4,2,-119.1,0,3.91
479,4,2,-108.5,0,3.62
480,4,2,-96.5,0,3.47
481,4,2,-83.9,0,3.49
482,4,2,-72.0,0,3.67
483,4,2,-61.5,0,3.99
484,4,2,-52.8,0,4.41
485,4,2,-45.7,0,4.92
486,4,2,-40.0,0,5.49
487,4,2,-35.4,0,6.10
488,4,2,-31.6,0,6.74
489,4,2,-28.6,0,7.40
490,4,2,-26.0,0,8.08
491,4,2,-23.8,0,8.78
492,4,2,-21.9,0,9.48
493,4,2,-20.3,0,10.20
494,4,2,-19.0,0,10.91
495,4,2,-17.7,0,11.64
496,4,2,-16.7,0,12.37
497,4,2,-15.7,0,13.10
498,4,2,-14.9,0,13.84
499,4,2,-14.1,0,14.57
500,4,2,-13.4,0,15.31
501,4,2,-12.8,0,16.06
502,4,2,-12.2,0,16.80
503,4,2,-11.7,0,17.55
504,4,2,-11.2,0,18.29
505,4,2,-10.7,0,19.04
506,4,2,-10.3,0,19.79
199,4,3,-170.6,0,20.60
200,4,3,-170.2,0,19.77
201,4,3,-169.8,0,18.93
202,4,3,-169.3,0,18.09
203,4,3,-168.8,0,17.26
204,4,3,-168.2,0,16.43
205,4,3,-167.5,0,15.60
206,4,3,-166.8,0,14.77
207,4,3,-166.0,0,13.95
208,4,3,-165.1,0,13.13
209,4,3,-164.1,0,12.31
210,4,3,-163.1,0,11.58
211,4,3,-161.9,0,10.85
212,4,3,-160.5,0,10.12
213,4,3,-159.0,0,9.41
214,4,3,-157.3,0,8.77
215,4,3,-155.4,0,8.15
216,4,3,-153.3,0,7.53
217,4,3,-150.9,0,6.99
218,4,3,-148.3,0,6.47
219,4,3,-145.2,0,5.96
220,4,3,-141.6,0,5.48
221,4,3,-137.8,0,5.08
222,4,3,-133.4,0,4.70
223,4,3,-128.3,0,4.36
224,4,3,-123.1,0,4.09
225,4,3,-117.3,0,3.86
226,4,3,-110.8,0,3.68
227,4,3,-104.9,0,3.57
228,4,3,-98.7,0,3.49
229,4,3,-92.3,0,3.46
230,4,3,-85.9,0,3.47
231,4,3,-80.7,0,3.50
232,4,3,-75.8,0,3.54
233,4,3,-71.0,0,3.62
234,4,3,-66.4,0,3.72
235,4,3,-61.8,0,3.71
236,4,3,-57.1,0,3.73
237,4,3,-52.5,0,3.78
238,4,3,-47.6,0,3.72
239,4,3,-42.6,0,3.69
240,4,3,-37.5,0,3.69
241,4,3,-32.1,0,3.61
242,4,3,-26.4,0,3.57
243,4,3,-20.5,0,3.45
244,4,3,-14.1,0,3.38
245,4,3,-7.5,0,3.35
246,4,3,-0.5,0,3.26
247,4,3,6.9,0,3.22
248,4,3,14.6,0,3.18
249,4,3,22.5,0,3.20
250,4,3,30.1,0,3.28
251,4,3,37.2,0,3.41
252,4,3,43.7,0,3.60
253,4,3,49.5,0,3.82
254,4,3,54.7,0,4.07
255,4,3,59.2,0,4.36
256,4,3,63.1,0,4.67
257,4,3,66.5,0,4.99
258,4,3,69.5,0,5.34
259,4,3,72.2,0,5.69
260,4,3,74.5,0,6.06
261,4,3,76.5,0,6.43
262,4,3,78.4,0,6.81
263,4,3,80.0,0,7.20
264,4,3,81.5,0,7.59
265,4,3,82.8,0,7.99
266,4,3,84.0,0,8.39
267,4,3,85.1,0,8.79
268,4,3,86.1,0,9.19
269,4,3,87.0,0,9.60
270,4,3,87.8,0,10.01
271,4,3,88.6,0,10.43
272,4,3,89.3,0,10.84
273,4,3,89.9,0,11.26
274,4,3,90.5,0,11.67
275,4,3,91.1,0,12.09
276,4,3,91.6,0,12.51
277,4,3,92.1,0,12.93
278,4,3,92.6,0,13.35
279,4,3,93.0,0,13.78
280,4,3,93.4,0,14.20
281,4,3,93.8,0,14.62
282,4,3,94.2,0,15.05
283,4,3,94.5,0,15.47
284,4,3,94.9,0,15.90
285,4,3,95.2,0,16.32
286,4,3,95.5,0,16.75
287,4,3,95.7,0,17.17
288,4,3,96.0,0,17.60
289,4,3,96.3,0,18.03
290,4,3,96.5,0,18.46
291,4,3,96.7,0,18.88
292,4,3,97.0,0,19.31
293,4,3,97.2,0,19.74
294,4,3,97.4,0,20.17
295,4,3,97.6,0,20.60
98,3,0,-170.4,0,5.92
99,3,0,-169.9,0,5.63
100,3,0,-169.3,0,5.34
101,3,0,-168.7,0,5.05
102,3,0,-168.0,0,4.76
103,3,0,-167.2,0,4.47
104,3,0,-166.3,0,4.18
105,3,0,-165.3,0,3.90
106,3,0,-164.1,0,3.62
107,3,0,-162.8,0,3.33
108,3,0,-161.1,0,3.05
109,3,0,-159.1,0,2.78
110,3,0,-156.7,0,2.50
111,3,0,-153.8,0,2.24
112,3,0,-150.0,0,1.98
113,3,0,-145.1,0,1.73
114,3,0,-138.7,0,1.50
115,3,0,-130.0,0,1.30
116,3,0,-118.5,0,1.13
117,3,0,-103.9,0,1.03
