1,5,0,9,0,45.84
2,5,0,9,0,44.78
3,5,0,9,0,43.72
3,5,1,5,0,84.84
3,5,2,4,0,105.48
4,5,0,9,0,42.66
4,5,1,5,0,83.78
4,5,2,4,0,104.41
5,5,0,9,0,41.61
5,5,1,5,0,82.71
5,5,2,4,0,103.35
6,5,0,10,0,40.55
6,5,1,5,0,81.64
6,5,2,4,0,102.28
7,5,0,10,0,39.49
7,5,1,5,0,80.57
7,5,2,4,0,101.21
8,5,0,10,0,38.44
8,5,1,5,0,79.51
8,5,2,4,0,100.14
9,5,0,10,0,37.39
9,5,1,5,0,78.44
9,5,2,4,0,99.07
10,5,0,11,0,36.34
10,5,1,5,0,77.37
10,5,2,4,0,98.00
11,5,0,11,0,35.28
11,5,1,5,0,76.30
11,5,2,4,0,96.93
12,5,0,11,0,34.23
12,5,1,5,0,75.24
12,5,2,4,0,95.86
13,5,0,12,0,33.19
13,5,1,5,0,74.17
13,5,2,4,0,94.80
14,5,0,12,0,32.14
14,5,1,5,0,73.10
14,5,2,4,0,93.73
15,5,0,13,0,31.09
15,5,1,5,0,72.04
15,5,2,4,0,92.66
16,5,0,13,0,30.05
16,5,1,5,0,70.97
16,5,2,4,0,91.59
17,5,0,14,0,29.01
17,5,1,6,0,69.91
17,5,2,4,0,90.52
18,5,0,14,0,27.97
18,5,1,6,0,68.84
18,5,2,4,0,89.46
19,5,0,15,0,26.93
19,5,1,6,0,67.77
19,5,2,4,0,88.39
20,5,0,15,0,25.90
20,5,1,6,0,66.71
20,5,2,4,0,87.32
21,5,0,16,0,24.87
21,5,1,6,0,65.64
21,5,2,5,0,86.25
22,5,0,17,0,23.84
22,5,1,6,0,64.58
22,5,2,5,0,85.18
23,5,0,17,0,22.82
23,5,1,6,0,63.51
23,5,2,5,0,84.12
24,5,0,18,0,21.80
24,5,1,6,0,62.45
24,5,2,5,0,83.05
25,5,0,19,0,20.78
25,5,1,6,0,61.38
25,5,2,5,0,81.98
26,5,0,20,0,19.78
26,5,1,6,0,60.32
26,5,2,5,0,80.91
27,5,0,21,0,18.78
27,5,1,7,0,59.26
27,5,2,5,0,79.85
28,5,0,22,0,17.79
28,5,1,7,0,58.19
28,5,2,5,0,78.78
29,5,0,24,0,16.80
29,5,1,7,0,57.13
29,5,2,5,0,77.71
30,5,0,25,0,15.83
30,5,1,7,0,56.07
30,5,2,5,0,76.65
31,5,0,27,0,14.87
31,5,1,7,0,55.00
31,5,2,5,0,75.58
32,5,0,29,0,13.93
32,5,1,7,0,53.94
32,5,2,5,0,74.51
33,5,0,31,0,13.01
33,5,1,7,0,52.88
33,5,2,5,0,73.45
34,5,0,34,0,12.12
34,5,1,8,0,51.82
34,5,2,5,0,72.38
35,5,0,37,0,11.25
35,5,1,8,0,50.75
35,5,2,5,0,71.31
36,5,0,41,0,10.42
36,5,1,8,0,49.69
36,5,2,6,0,70.25
37,5,0,45,0,9.64
37,5,1,8,0,48.63
37,5,2,6,0,69.18
38,5,0,50,0,8.92
38,5,1,8,0,47.57
38,5,2,6,0,68.11
39,5,0,55,0,8.28
39,5,1,8,0,46.51
39,5,2,6,0,67.05
40,5,0,62,0,7.72
40,5,1,9,0,45.45
40,5,2,6,0,65.98
41,5,0,69,0,7.28
41,5,1,9,0,44.40
41,5,2,6,0,64.92
42,5,0,77,0,6.97
42,5,1,9,0,43.34
42,5,2,6,0,63.85
43,5,0,85,0,6.81
43,5,1,9,0,42.28
43,5,2,6,0,62.79
44,5,0,94,0,6.81
44,5,1,9,0,41.22
44,5,2,6,0,61.72
45,5,0,103,0,6.96
45,5,1,10,0,40.17
45,5,2,6,0,60.66
46,5,0,111,0,7.26
46,5,1,10,0,39.11
46,5,2,7,0,59.60
47,5,0,118,0,7.67
47,5,1,10,0,38.06
47,5,2,7,0,58.53
48,5,0,124,0,8.20
48,5,1,11,0,37.01
48,5,2,7,0,57.47
49,5,0,130,0,8.81
49,5,1,11,0,35.95
49,5,2,7,0,56.40
50,5,0,134,0,9.48
50,5,1,11,0,34.90
50,5,2,7,0,55.34
51,5,0,138,0,10.21
51,5,1,12,0,33.85
51,5,2,7,0,54.28
52,5,0,142,0,10.99
52,5,1,12,0,32.81
52,5,2,7,0,53.22
53,5,0,145,0,11.80
53,5,1,12,0,31.76
53,5,2,7,0,52.15
54,5,0,147,0,12.63
54,5,1,13,0,30.72
54,5,2,8,0,51.09
55,5,0,150,0,13.49
55,5,1,13,0,29.67
55,5,2,8,0,50.03
56,5,0,152,0,14.37
56,5,1,14,0,28.63
56,5,2,8,0,48.97
57,5,0,154,0,15.26
57,5,1,14,0,27.59
57,5,2,8,0,47.91
58,5,0,155,0,16.17
58,5,1,15,0,26.56
58,5,2,8,0,46.85
59,5,0,157,0,17.09
59,5,1,15,0,25.52
59,5,2,9,0,45.79
60,5,0,158,0,18.01
60,5,1,16,0,24.50
60,5,2,9,0,44.73
61,5,0,159,0,18.95
61,5,1,17,0,23.47
61,5,2,9,0,43.68
62,5,0,160,0,19.89
62,5,1,18,0,22.45
62,5,2,9,0,42.62
63,5,0,161,0,20.83
63,5,1,18,0,21.43
63,5,2,9,0,41.56
64,5,0,162,0,21.78
64,5,1,19,0,20.42
64,5,2,10,0,40.50
65,5,0,163,0,22.74
65,5,1,20,0,19.41
65,5,2,10,0,39.45
66,5,0,163,0,23.70
66,5,1,22,0,18.42
66,5,2,10,0,38.40
67,5,0,164,0,24.66
67,5,1,23,0,17.43
67,5,2,10,0,37.34
68,5,0,165,0,25.63
68,5,1,24,0,16.45
68,5,2,11,0,36.29
69,5,0,165,0,26.59
69,5,1,26,0,15.48
69,5,2,11,0,35.24
70,5,0,166,0,27.56
70,5,1,28,0,14.53
70,5,2,11,0,34.19
71,5,0,166,0,28.54
71,5,1,30,0,13.60
71,5,2,12,0,33.14
72,5,0,167,0,29.51
72,5,1,32,0,12.69
72,5,2,12,0,32.09
73,5,0,167,0,30.49
73,5,1,35,0,11.80
73,5,2,13,0,31.05
74,5,0,168,0,31.47
74,5,1,38,0,10.95
74,5,2,13,0,30.01
75,5,0,168,0,32.45
75,5,1,42,0,10.14
75,5,2,14,0,28.96
76,5,0,168,0,33.43
76,5,1,46,0,9.38
76,5,2,14,0,27.92
77,5,0,169,0,34.41
77,5,1,51,0,8.68
77,5,2,15,0,26.89
78,5,0,169,0,35.39
78,5,1,57,0,8.06
78,5,2,15,0,25.85
79,5,0,169,0,36.38
79,5,1,64,0,7.55
79,5,2,16,0,24.82
80,5,0,170,0,37.36
80,5,1,72,0,7.15
80,5,2,17,0,23.80
81,5,0,170,0,38.35
81,5,1,80,0,6.90
81,5,2,17,0,22.77
82,5,0,170,0,39.33
82,5,1,89,0,6.79
82,5,2,18,0,21.75
83,5,0,170,0,40.32
83,5,1,97,0,6.85
83,5,2,19,0,20.74
84,5,0,171,0,41.31
84,5,1,106,0,7.05
84,5,2,20,0,19.73
85,5,0,171,0,42.30
85,5,1,113,0,7.39
85,5,2,21,0,18.73
86,5,0,171,0,43.29
86,5,1,120,0,7.85
86,5,2,23,0,17.74
87,5,0,171,0,44.28
87,5,1,126,0,8.41
87,5,2,24,0,16.76
88,5,0,171,0,45.27
88,5,1,131,0,9.04
88,5,2,25,0,15.79
89,5,0,172,0,46.26
89,5,1,136,0,9.74
89,5,2,27,0,14.83
90,5,0,172,0,47.25
90,5,1,140,0,10.49
90,5,2,29,0,13.89
91,5,0,172,0,48.24
91,5,1,143,0,11.28
91,5,2,32,0,12.97
92,5,0,172,0,49.23
92,5,1,146,0,12.10
92,5,2,34,0,12.08
93,5,0,172,0,50.23
93,5,1,148,0,12.94
93,5,2,37,0,11.22
94,5,0,172,0,51.22
94,5,1,151,0,13.81
94,5,2,41,0,10.39
95,5,0,173,0,52.21
95,5,1,152,0,14.69
95,5,2,45,0,9.61
96,5,0,173,0,53.21
96,5,1,154,0,15.59
96,5,2,50,0,8.89
97,5,0,173,0,54.20
97,5,1,156,0,16.50
97,5,2,55,0,8.25
98,5,0,173,0,55.19
98,5,1,157,0,17.42
98,5,2,62,0,7.70
99,5,0,173,0,56.19
99,5,1,158,0,18.35
99,5,2,69,0,7.27
