32,2,0,-72,-6
33,2,0,-73,-6
34,2,0,-75,-6
35,2,0,-76,-6
36,2,0,-77,-6
37,2,0,-78,-6
38,2,0,-79,-6
39,2,0,-81,-6
40,2,0,-82,-6
41,2,0,-83,-6
42,2,0,-84,-6
43,2,0,-86,-6
44,2,0,-87,-6
45,2,0,-88,-6
46,2,0,-90,-6
47,2,0,-91,-6
48,2,0,-92,-6
49,2,0,-93,-6
50,2,0,-95,-6
50,4,0,11,-2
51,2,0,-96,-6
51,4,0,11,-2
52,2,0,-97,-6
52,4,0,12,-2
53,2,0,-98,-6
53,4,0,13,-2
54,2,0,-100,-6
54,4,0,13,-2
55,2,0,-101,-6
55,4,0,14,-2
56,2,0,-102,-6
56,4,0,15,-3
57,1,0,-67,-2
57,2,0,-103,-6
57,4,0,16,-3
58,1,0,-70,-2
58,2,0,-105,-6
58,4,0,18,-3
59,1,0,-73,-2
59,2,0,-106,-6
59,4,0,19,-3
60,1,0,-76,-2
60,2,0,-107,-6
60,4,0,21,-3
61,1,0,-79,-2
61,2,0,-108,-6
61,4,0,23,-4
62,1,0,-82,-2
62,2,0,-109,-6
62,4,0,26,-4
63,1,0,-86,-2
63,2,0,-110,-6
63,4,0,29,-5
64,1,0,-89,-2
64,2,0,-111,-6
64,4,0,33,-5
65,1,0,-92,-2
65,2,0,-113,-6
65,4,0,38,-6
66,1,0,-96,-2
66,2,0,-114,-6
66,4,0,44,-7
67,1,0,-99,-2
67,2,0,-115,-6
67,4,0,53,-8
68,1,0,-102,-2
68,2,0,-116,-6
68,4,0,64,-9
69,1,0,-105,-2
69,2,0,-117,-6
69,4,0,77,-9
70,1,0,-108,-2
70,2,0,-118,-6
70,4,0,91,-10
71,1,0,-111,-2
71,2,0,-119,-6
71,4,0,106,-9
72,1,0,-114,-2
72,2,0,-120,-6
72,4,0,118,-9
73,1,0,-117,-2
73,2,0,-121,-5
73,4,0,129,-8
74,1,0,-120,-2
74,4,0,136,-7
75,1,0,-122,-2
75,4,0,143,-6
76,1,0,-124,-2
76,4,0,147,-5
77,1,0,-127,-2
77,4,0,151,-5
78,1,0,-129,-2
78,4,0,154,-4
79,1,0,-131,-2
79,4,0,157,-4
80,1,0,-132,-2
80,4,0,159,-4
81,1,0,-134,-2
81,4,0,161,-3
82,4,0,162,-3
83,4,0,163,-3
84,4,0,164,-3
85,4,0,165,-2
86,4,0,166,-2
87,4,0,167,-2
88,4,0,168,-2
89,4,0,168,-2
90,4,0,169,-2
91,4,0,169,-2
92,4,0,170,-2
