fold2_room3_mix001,3,0,9,0
fold2_room3_mix001,4,0,12,0
fold2_room3_mix001,5,0,13,0
fold2_room3_mix001,6,0,13,0
fold2_room3_mix001,7,0,13,0
fold2_room3_mix001,8,0,13,-1
fold2_room3_mix001,9,0,14,0
fold2_room3_mix001,10,0,14,0
fold2_room3_mix001,11,0,14,0
fold2_room3_mix001,12,0,14,0
fold2_room3_mix001,13,0,14,0
fold2_room3_mix001,14,0,14,0
fold2_room3_mix001,15,0,14,0
fold2_room3_mix001,16,0,13,0
fold2_room3_mix001,17,0,13,0
fold2_room3_mix001,18,0,13,0
fold2_room3_mix001,19,0,13,0
fold2_room3_mix001,20,0,13,0
fold2_room3_mix001,21,0,14,0
fold2_room3_mix001,22,0,14,0
fold2_room3_mix001,23,0,14,0
fold2_room3_mix001,24,0,14,0
fold2_room3_mix001,25,0,14,0
fold2_room3_mix001,26,0,14,0
fold2_room3_mix001,27,0,14,0
fold2_room3_mix001,28,0,14,0
fold2_room3_mix001,29,0,14,0
fold2_room3_mix001,30,0,15,0
fold2_room3_mix001,31,0,15,0
fold2_room3_mix001,32,0,15,0
fold2_room3_mix001,33,0,15,0
fold2_room3_mix001,34,0,15,0
fold2_room3_mix001,35,0,15,0
fold2_room3_mix001,36,0,15,0
fold2_room3_mix001,37,0,15,0
fold2_room3_mix001,38,0,15,0
fold2_room3_mix001,39,0,15,0
fold2_room3_mix001,40,0,15,0
fold2_room3_mix001,41,0,15,0
fold2_room3_mix001,42,0,14,0
fold2_room3_mix001,43,0,14,0
fold2_room3_mix001,44,0,15,0
fold2_room3_mix001,45,0,15,0
fold2_room3_mix001,46,0,15,0
fold2_room3_mix001,47,0,15,0
fold2_room3_mix001,48,0,15,0
fold2_room3_mix001,49,0,15,0
fold2_room3_mix001,50,0,15,0
fold2_room3_mix001,51,0,14,0
fold2_room3_mix001,52,0,14,0
fold2_room3_mix001,53,0,15,0
fold2_room3_mix001,54,0,15,0
fold2_room3_mix001,55,0,15,0
fold2_room3_mix001,56,0,16,0
fold2_room3_mix001,57,0,16,0
fold2_room3_mix001,58,0,16,0
fold2_room3_mix001,59,0,16,0
fold2_room3_mix001,60,0,16,0
fold2_room3_mix001,61,0,17,0
fold2_room3_mix001,62,0,17,0
fold2_room3_mix001,63,0,17,0
fold2_room3_mix001,64,0,17,0
fold2_room3_mix001,65,0,18,0
fold2_room3_mix001,66,0,18,0
fold2_room3_mix001,67,0,18,0
fold2_room3_mix001,68,0,19,0
fold2_room3_mix001,69,0,19,0
fold2_room3_mix001,70,0,19,0
fold2_room3_mix001,71,0,19,0
fold2_room3_mix001,72,0,19,0
fold2_room3_mix001,73,0,20,0
fold2_room3_mix001,74,0,21,0
fold2_room3_mix001,75,0,22,0
fold2_room3_mix001,76,0,24,0
fold2_room3_mix001,77,0,26,0
fold2_room3_mix001,78,0,27,0
fold2_room3_mix001,79,0,28,-1
fold2_room3_mix001,80,0,28,-1
fold2_room3_mix001,81,0,29,-1
fold2_room3_mix001,82,0,35,-1
fold2_room3_mix001,83,0,41,-1
fold2_room3_mix001,84,0,46,-1
fold2_room3_mix001,85,0,54,-2
fold2_room3_mix001,86,0,63,-2
fold2_room3_mix001,87,0,75,-2
fold2_room3_mix001,88,0,87,-2
fold2_room3_mix001,89,0,99,-2
fold2_room3_mix001,90,0,109,-2
fold2_room3_mix001,91,0,116,-2
fold2_room3_mix001,92,0,121,-2
fold2_room3_mix001,93,0,126,-2
fold2_room3_mix001,94,0,132,-2
fold2_room3_mix001,95,0,138,-1
fold2_room3_mix001,96,0,142,-1
fold2_room3_mix001,97,0,146,-1
fold2_room3_mix001,98,0,148,-1
fold2_room3_mix001,99,0,150,-1
fold2_room3_mix002,2,0,-172,-1
fold2_room3_mix002,3,0,-171,-1
fold2_room3_mix002,4,0,-169,-1
fold2_room3_mix002,5,0,-169,-1
fold2_room3_mix002,6,0,-169,-1
fold2_room3_mix002,7,0,-170,-1
fold2_room3_mix002,8,0,-170,-1
fold2_room3_mix002,9,0,-171,-1
fold2_room3_mix002,10,0,-171,-1
fold2_room3_mix002,11,0,-171,-1
fold2_room3_mix002,12,0,-171,-1
fold2_room3_mix002,13,0,-171,-1
fold2_room3_mix002,14,0,-171,-1
fold2_room3_mix002,15,0,-171,-1
fold2_room3_mix002,16,0,-172,-1
fold2_room3_mix002,17,0,-172,-1
fold2_room3_mix002,18,0,-172,-1
fold2_room3_mix002,19,0,-172,-1
fold2_room3_mix002,20,0,-172,-1
fold2_room3_mix002,21,0,-172,-1
fold2_room3_mix002,22,0,-172,-1
fold2_room3_mix002,23,0,-172,-1
fold2_room3_mix002,24,0,-171,-1
fold2_room3_mix002,25,0,-170,-1
fold2_room3_mix002,26,0,-169,-1
fold2_room3_mix002,27,0,-169,-1
fold2_room3_mix002,28,0,-169,-1
fold2_room3_mix002,29,0,-169,-1
fold2_room3_mix002,30,0,-168,-1
fold2_room3_mix002,31,0,-167,-1
fold2_room3_mix002,32,0,-166,-1
fold2_room3_mix002,33,0,-165,-1
fold2_room3_mix002,34,0,-165,-1
fold2_room3_mix002,35,0,-165,-1
fold2_room3_mix002,36,0,-166,-1
fold2_room3_mix002,37,0,-166,-1
fold2_room3_mix002,38,0,-167,-1
fold2_room3_mix002,39,0,-167,-1
fold2_room3_mix002,40,0,-168,-1
fold2_room3_mix002,41,0,-167,-1
fold2_room3_mix002,42,0,-167,-1
fold2_room3_mix002,43,0,-167,-1
fold2_room3_mix002,44,0,-167,-1
fold2_room3_mix002,45,0,-166,-1
fold2_room3_mix002,46,0,-166,-1
fold2_room3_mix002,47,0,-166,-1
fold2_room3_mix002,48,0,-166,-1
fold2_room3_mix002,49,0,-165,-1
fold2_room3_mix002,50,0,-163,-1
fold2_room3_mix002,51,0,-160,-1
fold2_room3_mix002,52,0,-158,-1
fold2_room3_mix002,53,0,-156,-1
fold2_room3_mix002,54,0,-156,-1
fold2_room3_mix002,55,0,-156,-1
fold2_room3_mix002,56,0,-155,-1
fold2_room3_mix002,57,0,-153,-1
fold2_room3_mix002,58,0,-152,-1
fold2_room3_mix002,59,0,-150,-1
fold2_room3_mix002,60,0,-147,-1
fold2_room3_mix002,61,0,-144,-1
fold2_room3_mix002,62,0,-142,-1
fold2_room3_mix002,63,0,-138,-1
fold2_room3_mix002,64,0,-136,-1
fold2_room3_mix002,65,0,-133,-2
fold2_room3_mix002,66,0,-128,-2
fold2_room3_mix002,67,0,-123,-2
fold2_room3_mix002,68,0,-118,-2
fold2_room3_mix002,69,0,-112,-2
fold2_room3_mix002,70,0,-107,-2
fold2_room3_mix002,71,0,-101,-2
fold2_room3_mix002,72,0,-96,-2
fold2_room3_mix002,73,0,-92,-2
fold2_room3_mix002,74,0,-89,-2
fold2_room3_mix002,75,0,-83,-2
fold2_room3_mix002,76,0,-75,-2
fold2_room3_mix002,77,0,-68,-2
fold2_room3_mix002,78,0,-62,-2
fold2_room3_mix002,79,0,-59,-1
fold2_room3_mix002,80,0,-56,-1
fold2_room3_mix002,81,0,-53,-1
fold2_room3_mix002,82,0,-47,-1
fold2_room3_mix002,83,0,-41,-1
fold2_room3_mix002,84,0,-34,-1
fold2_room3_mix002,85,0,-30,-1
fold2_room3_mix002,86,0,-28,-1
fold2_room3_mix002,87,0,-26,-1
fold2_room3_mix002,88,0,-24,-1
fold2_room3_mix002,89,0,-24,-1
fold2_room3_mix002,90,0,-24,-1
fold2_room3_mix002,91,0,-23,-1
fold2_room3_mix002,92,0,-22,-1
fold2_room3_mix002,93,0,-22,-1
fold2_room3_mix002,94,0,-21,-1
fold2_room3_mix002,95,0,-20,-1
fold2_room3_mix002,96,0,-20,-1
fold2_room3_mix002,97,0,-20,-1
fold2_room3_mix002,98,0,-22,-1
fold2_room3_mix002,99,0,-25,-1
fold2_room3_mix003,3,0,165,0
fold2_room3_mix003,4,0,161,0
fold2_room3_mix003,5,0,160,0
fold2_room3_mix003,6,0,159,0
fold2_room3_mix003,7,0,159,0
fold2_room3_mix003,8,0,159,-1
fold2_room3_mix003,9,0,159,0
fold2_room3_mix003,10,0,159,0
fold2_room3_mix003,11,0,160,0
fold2_room3_mix003,12,0,160,0
fold2_room3_mix003,13,0,160,0
fold2_room3_mix003,14,0,160,0
fold2_room3_mix003,15,0,160,0
fold2_room3_mix003,16,0,160,0
fold2_room3_mix003,17,0,160,0
fold2_room3_mix003,18,0,160,0
fold2_room3_mix003,19,0,160,0
fold2_room3_mix003,20,0,160,0
fold2_room3_mix003,21,0,160,0
fold2_room3_mix003,22,0,159,-1
fold2_room3_mix003,23,0,159,-1
fold2_room3_mix003,24,0,159,-1
fold2_room3_mix003,25,0,158,-1
fold2_room3_mix003,26,0,158,-1
fold2_room3_mix003,27,0,157,-1
fold2_room3_mix003,28,0,157,-1
fold2_room3_mix003,29,0,156,-1
fold2_room3_mix003,30,0,155,-1
fold2_room3_mix003,31,0,155,-1
fold2_room3_mix003,32,0,154,-1
fold2_room3_mix003,33,0,154,-1
fold2_room3_mix003,34,0,154,-1
fold2_room3_mix003,35,0,154,-1
fold2_room3_mix003,36,0,154,-1
fold2_room3_mix003,37,0,154,-1
fold2_room3_mix003,38,0,154,-1
fold2_room3_mix003,39,0,155,-1
fold2_room3_mix003,40,0,155,-1
fold2_room3_mix003,41,0,155,-1
fold2_room3_mix003,42,0,155,-1
fold2_room3_mix003,43,0,156,-1
fold2_room3_mix003,44,0,156,-1
fold2_room3_mix003,45,0,156,-1
fold2_room3_mix003,46,0,155,-1
fold2_room3_mix003,47,0,155,-1
fold2_room3_mix003,48,0,154,-1
fold2_room3_mix003,49,0,154,-1
fold2_room3_mix003,50,0,154,-1
fold2_room3_mix003,51,0,154,-1
fold2_room3_mix003,52,0,155,-1
fold2_room3_mix003,53,0,154,-1
fold2_room3_mix003,54,0,154,-1
fold2_room3_mix003,55,0,154,-1
fold2_room3_mix003,56,0,153,-1
fold2_room3_mix003,57,0,151,-1
fold2_room3_mix003,58,0,149,-1
fold2_room3_mix003,59,0,148,-1
fold2_room3_mix003,60,0,147,-1
fold2_room3_mix003,61,0,146,-1
fold2_room3_mix003,62,0,144,-1
fold2_room3_mix003,63,0,142,-1
fold2_room3_mix003,64,0,140,-1
fold2_room3_mix003,65,0,138,-1
fold2_room3_mix003,66,0,135,-1
fold2_room3_mix003,67,0,132,-2
fold2_room3_mix003,68,0,130,-2
fold2_room3_mix003,69,0,126,-2
fold2_room3_mix003,70,0,122,-2
fold2_room3_mix003,71,0,118,-2
fold2_room3_mix003,72,0,112,-2
fold2_room3_mix003,73,0,103,-3
fold2_room3_mix003,74,0,93,-3
fold2_room3_mix003,75,0,85,-3
fold2_room3_mix003,76,0,84,-3
fold2_room3_mix003,77,0,82,-2
fold2_room3_mix003,78,0,77,-2
fold2_room3_mix003,79,0,60,-2
fold2_room3_mix003,80,0,48,-2
fold2_room3_mix003,81,0,39,-1
fold2_room3_mix003,82,0,38,-1
fold2_room3_mix003,83,0,40,-1
fold2_room3_mix003,84,0,42,-1
fold2_room3_mix003,85,0,42,-1
fold2_room3_mix003,86,0,41,-1
fold2_room3_mix003,87,0,40,-1
fold2_room3_mix003,88,0,38,-1
fold2_room3_mix003,89,0,37,-1
fold2_room3_mix003,90,0,35,-1
fold2_room3_mix003,91,0,35,-1
fold2_room3_mix003,92,0,37,-1
fold2_room3_mix003,93,0,40,-1
fold2_room3_mix003,94,0,44,-1
fold2_room3_mix003,95,0,35,-1
fold2_room3_mix003,96,0,30,-1
fold2_room3_mix003,97,0,26,-1
fold2_room3_mix003,98,0,24,-1
fold2_room3_mix003,99,0,22,-1
fold2_room3_mix004,2,0,-167,-1
fold2_room3_mix004,3,0,-167,-1
fold2_room3_mix004,4,0,-165,-1
fold2_room3_mix004,5,0,-164,-1
fold2_room3_mix004,6,0,-165,-1
fold2_room3_mix004,7,0,-166,-1
fold2_room3_mix004,8,0,-166,-1
fold2_room3_mix004,9,0,-166,-1
fold2_room3_mix004,10,0,-166,-1
fold2_room3_mix004,11,0,-166,-1
fold2_room3_mix004,12,0,-166,-1
fold2_room3_mix004,13,0,-166,-1
fold2_room3_mix004,14,0,-166,-1
fold2_room3_mix004,15,0,-165,-1
fold2_room3_mix004,16,0,-165,-1
fold2_room3_mix004,17,0,-165,-1
fold2_room3_mix004,18,0,-165,-1
fold2_room3_mix004,19,0,-166,-1
fold2_room3_mix004,20,0,-166,-1
fold2_room3_mix004,21,0,-166,-1
fold2_room3_mix004,22,0,-166,-1
fold2_room3_mix004,23,0,-165,-1
fold2_room3_mix004,24,0,-165,-1
fold2_room3_mix004,25,0,-165,-1
fold2_room3_mix004,26,0,-165,-1
fold2_room3_mix004,27,0,-164,-1
fold2_room3_mix004,28,0,-164,-1
fold2_room3_mix004,29,0,-164,-1
fold2_room3_mix004,30,0,-163,-1
fold2_room3_mix004,31,0,-163,-1
fold2_room3_mix004,32,0,-164,-1
fold2_room3_mix004,33,0,-164,-1
fold2_room3_mix004,34,0,-164,-1
fold2_room3_mix004,35,0,-163,-1
fold2_room3_mix004,36,0,-163,-1
fold2_room3_mix004,37,0,-163,-1
fold2_room3_mix004,38,0,-163,-1
fold2_room3_mix004,39,0,-162,-1
fold2_room3_mix004,40,0,-162,-1
fold2_room3_mix004,41,0,-161,-1
fold2_room3_mix004,42,0,-161,-1
fold2_room3_mix004,43,0,-161,-1
fold2_room3_mix004,44,0,-161,-1
fold2_room3_mix004,45,0,-160,-1
fold2_room3_mix004,46,0,-160,-1
fold2_room3_mix004,47,0,-161,-1
fold2_room3_mix004,48,0,-161,-1
fold2_room3_mix004,49,0,-161,-1
fold2_room3_mix004,50,0,-160,-1
fold2_room3_mix004,51,0,-159,-1
fold2_room3_mix004,52,0,-159,-1
fold2_room3_mix004,53,0,-158,-1
fold2_room3_mix004,54,0,-157,-1
fold2_room3_mix004,55,0,-156,-1
fold2_room3_mix004,56,0,-155,-1
fold2_room3_mix004,57,0,-155,-1
fold2_room3_mix004,58,0,-154,-1
fold2_room3_mix004,59,0,-154,-1
fold2_room3_mix004,60,0,-153,-1
fold2_room3_mix004,61,0,-153,-1
fold2_room3_mix004,62,0,-152,-1
fold2_room3_mix004,63,0,-150,-1
fold2_room3_mix004,64,0,-148,-1
fold2_room3_mix004,65,0,-147,-1
fold2_room3_mix004,66,0,-145,-1
fold2_room3_mix004,67,0,-144,-1
fold2_room3_mix004,68,0,-143,-1
fold2_room3_mix004,69,0,-141,-2
fold2_room3_mix004,70,0,-140,-2
fold2_room3_mix004,71,0,-139,-2
fold2_room3_mix004,72,0,-137,-2
fold2_room3_mix004,73,0,-134,-2
fold2_room3_mix004,74,0,-131,-2
fold2_room3_mix004,75,0,-128,-2
fold2_room3_mix004,76,0,-123,-2
fold2_room3_mix004,77,0,-117,-2
fold2_room3_mix004,78,0,-112,-2
fold2_room3_mix004,79,0,-108,-2
fold2_room3_mix004,80,0,-103,-2
fold2_room3_mix004,81,0,-99,-2
fold2_room3_mix004,82,0,-94,-2
fold2_room3_mix004,83,0,-89,-2
fold2_room3_mix004,84,0,-85,-2
fold2_room3_mix004,85,0,-80,-2
fold2_room3_mix004,86,0,-75,-2
fold2_room3_mix004,87,0,-71,-2
fold2_room3_mix004,88,0,-67,-2
fold2_room3_mix004,89,0,-63,-2
fold2_room3_mix004,90,0,-60,-1
fold2_room3_mix004,91,0,-56,-1
fold2_room3_mix004,92,0,-50,-1
fold2_room3_mix004,93,0,-45,-1
fold2_room3_mix004,94,0,-41,-1
fold2_room3_mix004,95,0,-38,-1
fold2_room3_mix004,96,0,-37,-1
fold2_room3_mix004,97,0,-35,0
fold2_room3_mix004,98,0,-35,0
fold2_room3_mix004,99,0,-35,0
fold2_room3_mix005,0,0,11,0
fold2_room3_mix005,1,0,11,0
fold2_room3_mix005,2,0,13,0
fold2_room3_mix005,3,0,16,0
fold2_room3_mix005,4,0,18,0
fold2_room3_mix005,5,0,19,0
fold2_room3_mix005,6,0,19,0
fold2_room3_mix005,7,0,18,0
fold2_room3_mix005,8,0,18,0
fold2_room3_mix005,9,0,18,0
fold2_room3_mix005,10,0,18,0
fold2_room3_mix005,11,0,18,0
fold2_room3_mix005,12,0,18,0
fold2_room3_mix005,13,0,18,0
fold2_room3_mix005,14,0,18,0
fold2_room3_mix005,15,0,18,0
fold2_room3_mix005,16,0,18,0
fold2_room3_mix005,17,0,18,0
fold2_room3_mix005,18,0,19,0
fold2_room3_mix005,19,0,19,-1
fold2_room3_mix005,20,0,19,-1
fold2_room3_mix005,21,0,18,-1
fold2_room3_mix005,22,0,18,-1
fold2_room3_mix005,23,0,17,-1
fold2_room3_mix005,24,0,16,-1
fold2_room3_mix005,25,0,17,0
fold2_room3_mix005,26,0,17,0
fold2_room3_mix005,27,0,18,0
fold2_room3_mix005,28,0,18,0
fold2_room3_mix005,29,0,19,0
fold2_room3_mix005,30,0,20,0
fold2_room3_mix005,31,0,20,0
fold2_room3_mix005,32,0,21,0
fold2_room3_mix005,33,0,21,0
fold2_room3_mix005,34,0,21,0
fold2_room3_mix005,35,0,22,0
fold2_room3_mix005,36,0,22,0
fold2_room3_mix005,37,0,22,0
fold2_room3_mix005,38,0,22,0
fold2_room3_mix005,39,0,22,0
fold2_room3_mix005,40,0,23,0
fold2_room3_mix005,41,0,24,0
fold2_room3_mix005,42,0,24,0
fold2_room3_mix005,43,0,25,-1
fold2_room3_mix005,44,0,25,-1
fold2_room3_mix005,45,0,26,-1
fold2_room3_mix005,46,0,26,-1
fold2_room3_mix005,47,0,27,-1
fold2_room3_mix005,48,0,28,-1
fold2_room3_mix005,49,0,29,-1
fold2_room3_mix005,50,0,29,-1
fold2_room3_mix005,51,0,30,-1
fold2_room3_mix005,52,0,30,-1
fold2_room3_mix005,53,0,31,-1
fold2_room3_mix005,54,0,31,-1
fold2_room3_mix005,55,0,32,-1
fold2_room3_mix005,56,0,33,-1
fold2_room3_mix005,57,0,34,-1
fold2_room3_mix005,58,0,34,-1
fold2_room3_mix005,59,0,36,-1
fold2_room3_mix005,60,0,38,-1
fold2_room3_mix005,61,0,40,-1
fold2_room3_mix005,62,0,42,-1
fold2_room3_mix005,63,0,45,-1
fold2_room3_mix005,64,0,49,-1
fold2_room3_mix005,65,0,53,-1
fold2_room3_mix005,66,0,57,-1
fold2_room3_mix005,67,0,60,-1
fold2_room3_mix005,68,0,63,-2
fold2_room3_mix005,69,0,65,-2
fold2_room3_mix005,70,0,68,-2
fold2_room3_mix005,71,0,71,-2
fold2_room3_mix005,72,0,75,-2
fold2_room3_mix005,73,0,79,-2
fold2_room3_mix005,74,0,84,-2
fold2_room3_mix005,75,0,88,-2
fold2_room3_mix005,76,0,92,-2
fold2_room3_mix005,77,0,96,-2
fold2_room3_mix005,78,0,100,-2
fold2_room3_mix005,79,0,104,-2
fold2_room3_mix005,80,0,109,-2
fold2_room3_mix005,81,0,112,-2
fold2_room3_mix005,82,0,115,-2
fold2_room3_mix005,83,0,117,-2
fold2_room3_mix005,84,0,119,-2
fold2_room3_mix005,85,0,120,-2
fold2_room3_mix005,86,0,119,-2
fold2_room3_mix005,87,0,119,-2
fold2_room3_mix005,88,0,121,-2
fold2_room3_mix005,89,0,125,-2
fold2_room3_mix005,90,0,128,-2
fold2_room3_mix005,91,0,131,-1
fold2_room3_mix005,92,0,131,-1
fold2_room3_mix005,93,0,132,-1
fold2_room3_mix005,94,0,133,-1
fold2_room3_mix005,95,0,134,-1
fold2_room3_mix005,96,0,135,-1
fold2_room3_mix005,97,0,136,-1
fold2_room3_mix005,98,0,138,-1
fold2_room3_mix005,99,0,140,-1
fold2_room3_mix006,0,0,-171,-1
fold2_room3_mix006,1,0,-171,-1
fold2_room3_mix006,2,0,-170,-1
fold2_room3_mix006,3,0,-169,-1
fold2_room3_mix006,4,0,-167,-1
fold2_room3_mix006,5,0,-167,-1
fold2_room3_mix006,6,0,-167,-1
fold2_room3_mix006,7,0,-168,-1
fold2_room3_mix006,8,0,-168,-1
fold2_room3_mix006,9,0,-168,-1
fold2_room3_mix006,10,0,-167,-1
fold2_room3_mix006,11,0,-167,-1
fold2_room3_mix006,12,0,-167,-1
fold2_room3_mix006,13,0,-167,-1
fold2_room3_mix006,14,0,-167,-1
fold2_room3_mix006,15,0,-167,-1
fold2_room3_mix006,16,0,-167,-1
fold2_room3_mix006,17,0,-167,-1
fold2_room3_mix006,18,0,-167,-1
fold2_room3_mix006,19,0,-167,-1
fold2_room3_mix006,20,0,-167,-1
fold2_room3_mix006,21,0,-167,-1
fold2_room3_mix006,22,0,-166,-1
fold2_room3_mix006,23,0,-166,-1
fold2_room3_mix006,24,0,-166,-1
fold2_room3_mix006,25,0,-167,-1
fold2_room3_mix006,26,0,-167,-1
fold2_room3_mix006,27,0,-168,-1
fold2_room3_mix006,28,0,-167,-1
fold2_room3_mix006,29,0,-167,-1
fold2_room3_mix006,30,0,-167,-1
fold2_room3_mix006,31,0,-167,-1
fold2_room3_mix006,32,0,-168,-1
fold2_room3_mix006,33,0,-168,-1
fold2_room3_mix006,34,0,-167,-1
fold2_room3_mix006,35,0,-166,-1
fold2_room3_mix006,36,0,-165,-1
fold2_room3_mix006,37,0,-165,-1
fold2_room3_mix006,38,0,-165,-1
fold2_room3_mix006,39,0,-165,-1
fold2_room3_mix006,40,0,-165,-1
fold2_room3_mix006,41,0,-165,-1
fold2_room3_mix006,42,0,-165,-1
fold2_room3_mix006,43,0,-165,-1
fold2_room3_mix006,44,0,-165,-1
fold2_room3_mix006,45,0,-165,-1
fold2_room3_mix006,46,0,-165,-1
fold2_room3_mix006,47,0,-164,-1
fold2_room3_mix006,48,0,-163,-1
fold2_room3_mix006,49,0,-162,-1
fold2_room3_mix006,50,0,-161,-1
fold2_room3_mix006,51,0,-161,-1
fold2_room3_mix006,52,0,-161,-1
fold2_room3_mix006,53,0,-160,-1
fold2_room3_mix006,54,0,-159,-1
fold2_room3_mix006,55,0,-158,-1
fold2_room3_mix006,56,0,-157,-1
fold2_room3_mix006,57,0,-156,-1
fold2_room3_mix006,58,0,-154,-1
fold2_room3_mix006,59,0,-153,-1
fold2_room3_mix006,60,0,-152,-1
fold2_room3_mix006,61,0,-151,-1
fold2_room3_mix006,62,0,-150,-2
fold2_room3_mix006,63,0,-148,-2
fold2_room3_mix006,64,0,-146,-2
fold2_room3_mix006,65,0,-144,-2
fold2_room3_mix006,66,0,-142,-2
fold2_room3_mix006,67,0,-140,-2
fold2_room3_mix006,68,0,-139,-2
fold2_room3_mix006,69,0,-135,-2
fold2_room3_mix006,70,0,-129,-2
fold2_room3_mix006,71,0,-124,-2
fold2_room3_mix006,72,0,-120,-2
fold2_room3_mix006,73,0,-118,-2
fold2_room3_mix006,74,0,-116,-2
fold2_room3_mix006,75,0,-112,-2
fold2_room3_mix006,76,0,-106,-2
fold2_room3_mix006,77,0,-98,-2
fold2_room3_mix006,78,0,-90,-2
fold2_room3_mix006,79,0,-84,-2
fold2_room3_mix006,80,0,-79,-2
fold2_room3_mix006,81,0,-73,-2
fold2_room3_mix006,82,0,-68,-2
fold2_room3_mix006,83,0,-62,-2
fold2_room3_mix006,84,0,-57,-1
fold2_room3_mix006,85,0,-53,-1
fold2_room3_mix006,86,0,-49,-1
fold2_room3_mix006,87,0,-45,-1
fold2_room3_mix006,88,0,-41,-1
fold2_room3_mix006,89,0,-37,-1
fold2_room3_mix006,90,0,-34,-1
fold2_room3_mix006,91,0,-31,-1
fold2_room3_mix006,92,0,-30,-1
fold2_room3_mix006,93,0,-28,-1
fold2_room3_mix006,94,0,-26,-1
fold2_room3_mix006,95,0,-25,-1
fold2_room3_mix006,96,0,-24,-1
fold2_room3_mix006,97,0,-23,-1
fold2_room3_mix006,98,0,-24,-1
fold2_room3_mix006,99,0,-25,-1
fold2_room3_mix007,2,0,8,0
fold2_room3_mix007,3,0,11,0
fold2_room3_mix007,4,0,16,0
fold2_room3_mix007,5,0,17,0
fold2_room3_mix007,6,0,16,0
fold2_room3_mix007,7,0,15,0
fold2_room3_mix007,8,0,15,0
fold2_room3_mix007,9,0,15,0
fold2_room3_mix007,10,0,16,0
fold2_room3_mix007,11,0,16,0
fold2_room3_mix007,12,0,15,0
fold2_room3_mix007,13,0,14,0
fold2_room3_mix007,14,0,14,0
fold2_room3_mix007,15,0,14,0
fold2_room3_mix007,16,0,14,0
fold2_room3_mix007,17,0,14,0
fold2_room3_mix007,18,0,14,0
fold2_room3_mix007,19,0,14,0
fold2_room3_mix007,20,0,14,0
fold2_room3_mix007,21,0,15,0
fold2_room3_mix007,22,0,15,0
fold2_room3_mix007,23,0,15,0
fold2_room3_mix007,24,0,16,0
fold2_room3_mix007,25,0,16,0
fold2_room3_mix007,26,0,16,0
fold2_room3_mix007,27,0,16,0
fold2_room3_mix007,28,0,16,0
fold2_room3_mix007,29,0,15,0
fold2_room3_mix007,30,0,15,0
fold2_room3_mix007,31,0,16,0
fold2_room3_mix007,32,0,16,0
fold2_room3_mix007,33,0,16,0
fold2_room3_mix007,34,0,17,0
fold2_room3_mix007,35,0,18,0
fold2_room3_mix007,36,0,18,0
fold2_room3_mix007,37,0,19,0
fold2_room3_mix007,38,0,19,0
fold2_room3_mix007,39,0,19,0
fold2_room3_mix007,40,0,19,0
fold2_room3_mix007,41,0,19,0
fold2_room3_mix007,42,0,18,0
fold2_room3_mix007,43,0,18,0
fold2_room3_mix007,44,0,19,0
fold2_room3_mix007,45,0,19,-1
fold2_room3_mix007,46,0,20,-1
fold2_room3_mix007,47,0,22,-1
fold2_room3_mix007,48,0,24,-1
fold2_room3_mix007,49,0,26,-1
fold2_room3_mix007,50,0,25,-1
fold2_room3_mix007,51,0,24,-1
fold2_room3_mix007,52,0,22,-1
fold2_room3_mix007,53,0,22,-1
fold2_room3_mix007,54,0,23,-1
fold2_room3_mix007,55,0,24,-1
fold2_room3_mix007,56,0,25,-1
fold2_room3_mix007,57,0,26,-1
fold2_room3_mix007,58,0,27,-1
fold2_room3_mix007,59,0,28,-1
fold2_room3_mix007,60,0,31,-1
fold2_room3_mix007,61,0,34,-1
fold2_room3_mix007,62,0,37,-1
fold2_room3_mix007,63,0,38,-1
fold2_room3_mix007,64,0,39,-1
fold2_room3_mix007,65,0,40,-1
fold2_room3_mix007,66,0,45,-1
fold2_room3_mix007,67,0,51,-1
fold2_room3_mix007,68,0,57,-1
fold2_room3_mix007,69,0,62,-2
fold2_room3_mix007,70,0,66,-2
fold2_room3_mix007,71,0,70,-2
fold2_room3_mix007,72,0,75,-2
fold2_room3_mix007,73,0,83,-2
fold2_room3_mix007,74,0,92,-2
fold2_room3_mix007,75,0,98,-3
fold2_room3_mix007,76,0,102,-3
fold2_room3_mix007,77,0,105,-2
fold2_room3_mix007,78,0,109,-2
fold2_room3_mix007,79,0,113,-2
fold2_room3_mix007,80,0,117,-2
fold2_room3_mix007,81,0,122,-2
fold2_room3_mix007,82,0,127,-2
fold2_room3_mix007,83,0,131,-2
fold2_room3_mix007,84,0,135,-1
fold2_room3_mix007,85,0,137,-1
fold2_room3_mix007,86,0,137,-1
fold2_room3_mix007,87,0,138,-1
fold2_room3_mix007,88,0,140,-1
fold2_room3_mix007,89,0,142,-1
fold2_room3_mix007,90,0,144,-1
fold2_room3_mix007,91,0,146,-1
fold2_room3_mix007,92,0,147,-1
fold2_room3_mix007,93,0,149,-1
fold2_room3_mix007,94,0,150,-1
fold2_room3_mix007,95,0,150,-1
fold2_room3_mix007,96,0,149,-1
fold2_room3_mix007,97,0,149,-1
fold2_room3_mix007,98,0,150,-1
fold2_room3_mix007,99,0,152,0
fold2_room3_mix008,3,0,-174,0
fold2_room3_mix008,4,0,-172,-1
fold2_room3_mix008,5,0,-171,-1
fold2_room3_mix008,6,0,-172,-1
fold2_room3_mix008,7,0,-172,-1
fold2_room3_mix008,8,0,-172,-1
fold2_room3_mix008,9,0,-172,-1
fold2_room3_mix008,10,0,-172,-1
fold2_room3_mix008,11,0,-172,-1
fold2_room3_mix008,12,0,-172,-1
fold2_room3_mix008,13,0,-172,-1
fold2_room3_mix008,14,0,-172,-1
fold2_room3_mix008,15,0,-172,-1
fold2_room3_mix008,16,0,-172,-1
fold2_room3_mix008,17,0,-172,-1
fold2_room3_mix008,18,0,-171,-1
fold2_room3_mix008,19,0,-171,-1
fold2_room3_mix008,20,0,-171,-1
fold2_room3_mix008,21,0,-171,-1
fold2_room3_mix008,22,0,-171,-1
fold2_room3_mix008,23,0,-171,-1
fold2_room3_mix008,24,0,-171,-1
fold2_room3_mix008,25,0,-171,-1
fold2_room3_mix008,26,0,-171,-1
fold2_room3_mix008,27,0,-171,-1
fold2_room3_mix008,28,0,-171,-1
fold2_room3_mix008,29,0,-172,-1
fold2_room3_mix008,30,0,-172,-1
fold2_room3_mix008,31,0,-172,-1
fold2_room3_mix008,32,0,-171,-1
fold2_room3_mix008,33,0,-171,-1
fold2_room3_mix008,34,0,-170,-1
fold2_room3_mix008,35,0,-170,-1
fold2_room3_mix008,36,0,-170,-1
fold2_room3_mix008,37,0,-169,-1
fold2_room3_mix008,38,0,-168,-1
fold2_room3_mix008,39,0,-168,-1
fold2_room3_mix008,40,0,-167,-1
fold2_room3_mix008,41,0,-167,-1
fold2_room3_mix008,42,0,-166,-1
fold2_room3_mix008,43,0,-166,-1
fold2_room3_mix008,44,0,-166,-1
fold2_room3_mix008,45,0,-166,-1
fold2_room3_mix008,46,0,-165,-1
fold2_room3_mix008,47,0,-164,-1
fold2_room3_mix008,48,0,-164,-1
fold2_room3_mix008,49,0,-163,-1
fold2_room3_mix008,50,0,-160,-1
fold2_room3_mix008,51,0,-156,-1
fold2_room3_mix008,52,0,-153,-1
fold2_room3_mix008,53,0,-150,-1
fold2_room3_mix008,54,0,-146,-1
fold2_room3_mix008,55,0,-143,-2
fold2_room3_mix008,56,0,-135,-2
fold2_room3_mix008,57,0,-125,-2
fold2_room3_mix008,58,0,-114,-2
fold2_room3_mix008,59,0,-102,-2
fold2_room3_mix008,60,0,-89,-2
fold2_room3_mix008,61,0,-76,-2
fold2_room3_mix008,62,0,-65,-2
fold2_room3_mix008,63,0,-56,-1
fold2_room3_mix008,64,0,-49,-1
fold2_room3_mix008,65,0,-42,-1
fold2_room3_mix008,66,0,-38,-1
fold2_room3_mix008,67,0,-34,-1
fold2_room3_mix008,68,0,-29,-1
fold2_room3_mix008,69,0,-27,-1
fold2_room3_mix008,70,0,-25,-1
fold2_room3_mix008,71,0,-23,-1
fold2_room3_mix008,72,0,-22,-1
fold2_room3_mix008,73,0,-21,-1
fold2_room3_mix008,74,0,-20,-1
fold2_room3_mix008,75,0,-19,-1
fold2_room3_mix008,76,0,-17,-1
fold2_room3_mix008,77,0,-15,-1
fold2_room3_mix008,78,0,-13,-1
fold2_room3_mix008,79,0,-12,-1
fold2_room3_mix008,80,0,-12,-1
fold2_room3_mix008,81,0,-11,-1
fold2_room3_mix008,82,0,-11,-1
fold2_room3_mix008,83,0,-11,-1
fold2_room3_mix008,84,0,-11,-1
fold2_room3_mix008,85,0,-11,-1
fold2_room3_mix008,86,0,-11,-1
fold2_room3_mix008,87,0,-11,-1
fold2_room3_mix008,88,0,-12,-1
fold2_room3_mix008,89,0,-11,-1
fold2_room3_mix008,90,0,-11,-1
fold2_room3_mix008,91,0,-11,-1
fold2_room3_mix008,92,0,-11,-1
fold2_room3_mix008,93,0,-11,-1
fold2_room3_mix008,94,0,-11,-1
fold2_room3_mix008,95,0,-12,-1
fold2_room3_mix008,96,0,-12,-1
fold2_room3_mix008,97,0,-13,-1
fold2_room3_mix008,98,0,-11,-1
fold2_room3_mix008,99,0,-9,-1
fold2_room3_mix009,2,0,8,0
fold2_room3_mix009,3,0,13,0
fold2_room3_mix009,4,0,17,0
fold2_room3_mix009,5,0,18,0
fold2_room3_mix009,6,0,18,0
fold2_room3_mix009,7,0,18,0
fold2_room3_mix009,8,0,19,0
fold2_room3_mix009,9,0,19,0
fold2_room3_mix009,10,0,18,0
fold2_room3_mix009,11,0,18,0
fold2_room3_mix009,12,0,18,0
fold2_room3_mix009,13,0,18,0
fold2_room3_mix009,14,0,18,0
fold2_room3_mix009,15,0,18,0
fold2_room3_mix009,16,0,18,0
fold2_room3_mix009,17,0,18,0
fold2_room3_mix009,18,0,18,0
fold2_room3_mix009,19,0,18,0
fold2_room3_mix009,20,0,18,0
fold2_room3_mix009,21,0,18,0
fold2_room3_mix009,22,0,19,0
fold2_room3_mix009,23,0,19,0
fold2_room3_mix009,24,0,20,0
fold2_room3_mix009,25,0,20,-1
fold2_room3_mix009,26,0,21,-1
fold2_room3_mix009,27,0,21,-1
fold2_room3_mix009,28,0,21,-1
fold2_room3_mix009,29,0,21,-1
fold2_room3_mix009,30,0,21,-1
fold2_room3_mix009,31,0,22,-1
fold2_room3_mix009,32,0,22,-1
fold2_room3_mix009,33,0,23,-1
fold2_room3_mix009,34,0,23,-1
fold2_room3_mix009,35,0,24,-1
fold2_room3_mix009,36,0,25,-1
fold2_room3_mix009,37,0,25,-1
fold2_room3_mix009,38,0,25,-1
fold2_room3_mix009,39,0,24,-1
fold2_room3_mix009,40,0,25,-1
fold2_room3_mix009,41,0,26,-1
fold2_room3_mix009,42,0,27,-1
fold2_room3_mix009,43,0,28,-1
fold2_room3_mix009,44,0,28,-1
fold2_room3_mix009,45,0,27,-1
fold2_room3_mix009,46,0,27,-1
fold2_room3_mix009,47,0,28,-1
fold2_room3_mix009,48,0,28,-1
fold2_room3_mix009,49,0,28,-1
fold2_room3_mix009,50,0,28,-1
fold2_room3_mix009,51,0,29,-1
fold2_room3_mix009,52,0,29,-1
fold2_room3_mix009,53,0,30,-1
fold2_room3_mix009,54,0,31,-1
fold2_room3_mix009,55,0,32,-1
fold2_room3_mix009,56,0,33,-1
fold2_room3_mix009,57,0,34,-1
fold2_room3_mix009,58,0,34,-1
fold2_room3_mix009,59,0,36,-1
fold2_room3_mix009,60,0,41,-1
fold2_room3_mix009,61,0,44,-1
fold2_room3_mix009,62,0,48,-1
fold2_room3_mix009,63,0,50,-1
fold2_room3_mix009,64,0,53,-1
fold2_room3_mix009,65,0,55,-1
fold2_room3_mix009,66,0,58,-1
fold2_room3_mix009,67,0,60,-2
fold2_room3_mix009,68,0,62,-2
fold2_room3_mix009,69,0,67,-2
fold2_room3_mix009,70,0,73,-2
fold2_room3_mix009,71,0,80,-2
fold2_room3_mix009,72,0,86,-2
fold2_room3_mix009,73,0,91,-2
fold2_room3_mix009,74,0,97,-2
fold2_room3_mix009,75,0,100,-2
fold2_room3_mix009,76,0,101,-2
fold2_room3_mix009,77,0,102,-2
fold2_room3_mix009,78,0,103,-2
fold2_room3_mix009,79,0,107,-2
fold2_room3_mix009,80,0,111,-2
fold2_room3_mix009,81,0,115,-2
fold2_room3_mix009,82,0,118,-2
fold2_room3_mix009,83,0,121,-2
fold2_room3_mix009,84,0,124,-2
fold2_room3_mix009,85,0,126,-2
fold2_room3_mix009,86,0,128,-2
fold2_room3_mix009,87,0,129,-2
fold2_room3_mix009,88,0,130,-1
fold2_room3_mix009,89,0,132,-1
fold2_room3_mix009,90,0,133,-1
fold2_room3_mix009,91,0,134,-1
fold2_room3_mix009,92,0,137,-1
fold2_room3_mix009,93,0,139,-1
fold2_room3_mix009,94,0,141,-1
fold2_room3_mix009,95,0,142,-1
fold2_room3_mix009,96,0,143,-1
fold2_room3_mix009,97,0,143,-1
fold2_room3_mix009,98,0,145,-1
fold2_room3_mix009,99,0,147,-1
fold2_room3_mix010,3,0,-4,0
fold2_room3_mix010,4,0,-5,0
fold2_room3_mix010,5,0,-6,0
fold2_room3_mix010,6,0,-6,-1
fold2_room3_mix010,7,0,-7,-1
fold2_room3_mix010,8,0,-7,-1
fold2_room3_mix010,9,0,-7,-1
fold2_room3_mix010,10,0,-7,-1
fold2_room3_mix010,11,0,-7,-1
fold2_room3_mix010,12,0,-7,-1
fold2_room3_mix010,13,0,-8,-1
fold2_room3_mix010,14,0,-8,-1
fold2_room3_mix010,15,0,-8,-1
fold2_room3_mix010,16,0,-8,-1
fold2_room3_mix010,17,0,-8,-1
fold2_room3_mix010,18,0,-9,-1
fold2_room3_mix010,19,0,-9,-1
fold2_room3_mix010,20,0,-9,-1
fold2_room3_mix010,21,0,-10,-1
fold2_room3_mix010,22,0,-10,-1
fold2_room3_mix010,23,0,-10,-1
fold2_room3_mix010,24,0,-10,-1
fold2_room3_mix010,25,0,-9,-1
fold2_room3_mix010,26,0,-8,-1
fold2_room3_mix010,27,0,-7,-1
fold2_room3_mix010,28,0,-6,-1
fold2_room3_mix010,29,0,-6,-1
fold2_room3_mix010,30,0,-6,-1
fold2_room3_mix010,31,0,-7,-1
fold2_room3_mix010,32,0,-8,-1
fold2_room3_mix010,33,0,-8,-1
fold2_room3_mix010,34,0,-9,-1
fold2_room3_mix010,35,0,-9,-1
fold2_room3_mix010,36,0,-9,-1
fold2_room3_mix010,37,0,-10,-1
fold2_room3_mix010,38,0,-10,-1
fold2_room3_mix010,39,0,-11,-1
fold2_room3_mix010,40,0,-11,-1
fold2_room3_mix010,41,0,-11,-1
fold2_room3_mix010,42,0,-11,-1
fold2_room3_mix010,43,0,-11,-1
fold2_room3_mix010,44,0,-11,-1
fold2_room3_mix010,45,0,-11,-1
fold2_room3_mix010,46,0,-10,-1
fold2_room3_mix010,47,0,-11,-1
fold2_room3_mix010,48,0,-11,-1
fold2_room3_mix010,49,0,-12,-1
fold2_room3_mix010,50,0,-13,-1
fold2_room3_mix010,51,0,-14,-1
fold2_room3_mix010,52,0,-15,-1
fold2_room3_mix010,53,0,-16,-1
fold2_room3_mix010,54,0,-17,-1
fold2_room3_mix010,55,0,-17,-1
fold2_room3_mix010,56,0,-19,-1
fold2_room3_mix010,57,0,-20,-1
fold2_room3_mix010,58,0,-22,-1
fold2_room3_mix010,59,0,-24,-1
fold2_room3_mix010,60,0,-27,-1
fold2_room3_mix010,61,0,-30,-1
fold2_room3_mix010,62,0,-35,-1
fold2_room3_mix010,63,0,-44,-1
fold2_room3_mix010,64,0,-54,-2
fold2_room3_mix010,65,0,-65,-2
fold2_room3_mix010,66,0,-76,-2
fold2_room3_mix010,67,0,-89,-2
fold2_room3_mix010,68,0,-103,-2
fold2_room3_mix010,69,0,-115,-2
fold2_room3_mix010,70,0,-126,-2
fold2_room3_mix010,71,0,-136,-1
fold2_room3_mix010,72,0,-144,-1
fold2_room3_mix010,73,0,-149,-1
fold2_room3_mix010,74,0,-153,-1
fold2_room3_mix010,75,0,-157,-1
fold2_room3_mix010,76,0,-158,-1
fold2_room3_mix010,77,0,-159,-1
fold2_room3_mix010,78,0,-160,-1
fold2_room3_mix010,79,0,-161,-1
fold2_room3_mix010,80,0,-161,-1
fold2_room3_mix010,81,0,-162,-1
fold2_room3_mix010,82,0,-163,-1
fold2_room3_mix010,83,0,-163,-1
fold2_room3_mix010,84,0,-164,-1
fold2_room3_mix010,85,0,-164,-1
fold2_room3_mix010,86,0,-164,-1
fold2_room3_mix010,87,0,-164,-1
fold2_room3_mix010,88,0,-164,-1
fold2_room3_mix010,89,0,-164,-1
fold2_room3_mix010,90,0,-165,-1
fold2_room3_mix010,91,0,-165,-1
fold2_room3_mix010,92,0,-165,-1
fold2_room3_mix010,93,0,-166,-1
fold2_room3_mix010,94,0,-166,-1
fold2_room3_mix010,95,0,-166,-1
fold2_room3_mix010,96,0,-165,-1
fold2_room3_mix010,97,0,-165,0
fold2_room3_mix010,98,0,-166,0
fold2_room3_mix010,99,0,-167,0
fold2_room3_mix011,3,0,6,0
fold2_room3_mix011,4,0,7,0
fold2_room3_mix011,5,0,8,0
fold2_room3_mix011,6,0,10,0
fold2_room3_mix011,7,0,12,0
fold2_room3_mix011,8,0,13,0
fold2_room3_mix011,9,0,14,0
fold2_room3_mix011,10,0,14,0
fold2_room3_mix011,11,0,14,0
fold2_room3_mix011,12,0,14,0
fold2_room3_mix011,13,0,14,0
fold2_room3_mix011,14,0,14,0
fold2_room3_mix011,15,0,13,0
fold2_room3_mix011,16,0,13,0
fold2_room3_mix011,17,0,12,0
fold2_room3_mix011,18,0,13,0
fold2_room3_mix011,19,0,13,0
fold2_room3_mix011,20,0,14,0
fold2_room3_mix011,21,0,14,0
fold2_room3_mix011,22,0,14,0
fold2_room3_mix011,23,0,14,0
fold2_room3_mix011,24,0,14,0
fold2_room3_mix011,25,0,14,0
fold2_room3_mix011,26,0,14,0
fold2_room3_mix011,27,0,14,0
fold2_room3_mix011,28,0,14,0
fold2_room3_mix011,29,0,14,0
fold2_room3_mix011,30,0,13,0
fold2_room3_mix011,31,0,13,0
fold2_room3_mix011,32,0,14,0
fold2_room3_mix011,33,0,14,0
fold2_room3_mix011,34,0,14,0
fold2_room3_mix011,35,0,13,0
fold2_room3_mix011,36,0,13,0
fold2_room3_mix011,37,0,14,0
fold2_room3_mix011,38,0,15,0
fold2_room3_mix011,39,0,15,0
fold2_room3_mix011,40,0,16,0
fold2_room3_mix011,41,0,15,0
fold2_room3_mix011,42,0,15,0
fold2_room3_mix011,43,0,15,0
fold2_room3_mix011,44,0,15,0
fold2_room3_mix011,45,0,14,0
fold2_room3_mix011,46,0,14,0
fold2_room3_mix011,47,0,14,0
fold2_room3_mix011,48,0,15,0
fold2_room3_mix011,49,0,15,0
fold2_room3_mix011,50,0,15,0
fold2_room3_mix011,51,0,16,0
fold2_room3_mix011,52,0,16,0
fold2_room3_mix011,53,0,16,0
fold2_room3_mix011,54,0,17,0
fold2_room3_mix011,55,0,18,0
fold2_room3_mix011,56,0,17,0
fold2_room3_mix011,57,0,17,0
fold2_room3_mix011,58,0,16,0
fold2_room3_mix011,59,0,16,0
fold2_room3_mix011,60,0,16,0
fold2_room3_mix011,61,0,16,0
fold2_room3_mix011,62,0,17,0
fold2_room3_mix011,63,0,18,0
fold2_room3_mix011,64,0,18,0
fold2_room3_mix011,65,0,19,0
fold2_room3_mix011,66,0,20,0
fold2_room3_mix011,67,0,21,0
fold2_room3_mix011,68,0,22,0
fold2_room3_mix011,69,0,22,0
fold2_room3_mix011,70,0,22,0
fold2_room3_mix011,71,0,23,0
fold2_room3_mix011,72,0,23,0
fold2_room3_mix011,73,0,22,0
fold2_room3_mix011,74,0,22,-1
fold2_room3_mix011,75,0,23,-1
fold2_room3_mix011,76,0,27,-1
fold2_room3_mix011,77,0,31,-1
fold2_room3_mix011,78,0,36,-1
fold2_room3_mix011,79,0,39,-1
fold2_room3_mix011,80,0,41,-1
fold2_room3_mix011,81,0,43,-1
fold2_room3_mix011,82,0,47,-1
fold2_room3_mix011,83,0,54,-2
fold2_room3_mix011,84,0,62,-2
fold2_room3_mix011,85,0,71,-2
fold2_room3_mix011,86,0,81,-2
fold2_room3_mix011,87,0,92,-2
fold2_room3_mix011,88,0,100,-2
fold2_room3_mix011,89,0,108,-2
fold2_room3_mix011,90,0,115,-2
fold2_room3_mix011,91,0,122,-2
fold2_room3_mix011,92,0,127,-2
fold2_room3_mix011,93,0,132,-2
fold2_room3_mix011,94,0,137,-1
fold2_room3_mix011,95,0,141,-1
fold2_room3_mix011,96,0,143,-1
fold2_room3_mix011,97,0,146,-1
fold2_room3_mix011,98,0,147,-1
fold2_room3_mix011,99,0,149,-1
fold2_room3_mix012,3,0,-171,-1
fold2_room3_mix012,4,0,-167,-1
fold2_room3_mix012,5,0,-166,-1
fold2_room3_mix012,6,0,-167,-1
fold2_room3_mix012,7,0,-167,-1
fold2_room3_mix012,8,0,-167,-1
fold2_room3_mix012,9,0,-167,-1
fold2_room3_mix012,10,0,-167,-1
fold2_room3_mix012,11,0,-167,-1
fold2_room3_mix012,12,0,-167,-1
fold2_room3_mix012,13,0,-166,-1
fold2_room3_mix012,14,0,-166,-1
fold2_room3_mix012,15,0,-166,-1
fold2_room3_mix012,16,0,-166,-1
fold2_room3_mix012,17,0,-165,-1
fold2_room3_mix012,18,0,-165,-1
fold2_room3_mix012,19,0,-166,-1
fold2_room3_mix012,20,0,-166,-1
fold2_room3_mix012,21,0,-166,-1
fold2_room3_mix012,22,0,-166,-1
fold2_room3_mix012,23,0,-166,-1
fold2_room3_mix012,24,0,-166,-1
fold2_room3_mix012,25,0,-165,-1
fold2_room3_mix012,26,0,-165,-1
fold2_room3_mix012,27,0,-164,-1
fold2_room3_mix012,28,0,-164,-1
fold2_room3_mix012,29,0,-165,-1
fold2_room3_mix012,30,0,-165,-1
fold2_room3_mix012,31,0,-164,-1
fold2_room3_mix012,32,0,-163,-1
fold2_room3_mix012,33,0,-162,-1
fold2_room3_mix012,34,0,-162,-1
fold2_room3_mix012,35,0,-162,-1
fold2_room3_mix012,36,0,-162,-1
fold2_room3_mix012,37,0,-162,-1
fold2_room3_mix012,38,0,-161,-1
fold2_room3_mix012,39,0,-161,-1
fold2_room3_mix012,40,0,-160,-1
fold2_room3_mix012,41,0,-160,-1
fold2_room3_mix012,42,0,-159,-1
fold2_room3_mix012,43,0,-159,-1
fold2_room3_mix012,44,0,-159,-1
fold2_room3_mix012,45,0,-159,-1
fold2_room3_mix012,46,0,-158,-1
fold2_room3_mix012,47,0,-156,-1
fold2_room3_mix012,48,0,-155,-1
fold2_room3_mix012,49,0,-153,-1
fold2_room3_mix012,50,0,-151,-1
fold2_room3_mix012,51,0,-148,-1
fold2_room3_mix012,52,0,-145,-1
fold2_room3_mix012,53,0,-142,-1
fold2_room3_mix012,54,0,-140,-1
fold2_room3_mix012,55,0,-138,-1
fold2_room3_mix012,56,0,-134,-1
fold2_room3_mix012,57,0,-127,-2
fold2_room3_mix012,58,0,-120,-2
fold2_room3_mix012,59,0,-112,-2
fold2_room3_mix012,60,0,-105,-2
fold2_room3_mix012,61,0,-99,-2
fold2_room3_mix012,62,0,-92,-2
fold2_room3_mix012,63,0,-88,-2
fold2_room3_mix012,64,0,-85,-2
fold2_room3_mix012,65,0,-81,-2
fold2_room3_mix012,66,0,-75,-2
fold2_room3_mix012,67,0,-69,-2
fold2_room3_mix012,68,0,-63,-2
fold2_room3_mix012,69,0,-60,-2
fold2_room3_mix012,70,0,-59,-2
fold2_room3_mix012,71,0,-57,-2
fold2_room3_mix012,72,0,-54,-1
fold2_room3_mix012,73,0,-50,-1
fold2_room3_mix012,74,0,-47,-1
fold2_room3_mix012,75,0,-44,-1
fold2_room3_mix012,76,0,-41,-1
fold2_room3_mix012,77,0,-37,-1
fold2_room3_mix012,78,0,-33,-1
fold2_room3_mix012,79,0,-31,-1
fold2_room3_mix012,80,0,-30,-1
fold2_room3_mix012,81,0,-28,-1
fold2_room3_mix012,82,0,-27,-1
fold2_room3_mix012,83,0,-26,-1
fold2_room3_mix012,84,0,-25,-1
fold2_room3_mix012,85,0,-24,-1
fold2_room3_mix012,86,0,-23,-1
fold2_room3_mix012,87,0,-22,-1
fold2_room3_mix012,88,0,-22,-1
fold2_room3_mix012,89,0,-22,-1
fold2_room3_mix012,90,0,-22,-1
fold2_room3_mix012,91,0,-22,-1
fold2_room3_mix012,92,0,-21,-1
fold2_room3_mix012,93,0,-21,-1
fold2_room3_mix012,94,0,-20,-1
fold2_room3_mix012,95,0,-20,-1
fold2_room3_mix012,96,0,-21,-1
fold2_room3_mix012,97,0,-21,-1
fold2_room3_mix012,98,0,-22,-1
fold2_room3_mix012,99,0,-23,-1
fold2_room3_mix013,3,0,9,0
fold2_room3_mix013,4,0,12,0
fold2_room3_mix013,5,0,13,0
fold2_room3_mix013,6,0,13,0
fold2_room3_mix013,7,0,14,0
fold2_room3_mix013,8,0,13,0
fold2_room3_mix013,9,0,13,0
fold2_room3_mix013,10,0,13,0
fold2_room3_mix013,11,0,13,0
fold2_room3_mix013,12,0,13,0
fold2_room3_mix013,13,0,14,0
fold2_room3_mix013,14,0,14,0
fold2_room3_mix013,15,0,14,0
fold2_room3_mix013,16,0,14,0
fold2_room3_mix013,17,0,13,0
fold2_room3_mix013,18,0,13,0
fold2_room3_mix013,19,0,14,0
fold2_room3_mix013,20,0,14,0
fold2_room3_mix013,21,0,14,0
fold2_room3_mix013,22,0,13,0
fold2_room3_mix013,23,0,13,0
fold2_room3_mix013,24,0,13,0
fold2_room3_mix013,25,0,14,0
fold2_room3_mix013,26,0,15,0
fold2_room3_mix013,27,0,15,0
fold2_room3_mix013,28,0,15,0
fold2_room3_mix013,29,0,14,0
fold2_room3_mix013,30,0,14,0
fold2_room3_mix013,31,0,14,0
fold2_room3_mix013,32,0,14,0
fold2_room3_mix013,33,0,14,0
fold2_room3_mix013,34,0,14,0
fold2_room3_mix013,35,0,14,0
fold2_room3_mix013,36,0,14,0
fold2_room3_mix013,37,0,15,0
fold2_room3_mix013,38,0,16,0
fold2_room3_mix013,39,0,16,0
fold2_room3_mix013,40,0,17,0
fold2_room3_mix013,41,0,16,0
fold2_room3_mix013,42,0,16,0
fold2_room3_mix013,43,0,16,0
fold2_room3_mix013,44,0,16,0
fold2_room3_mix013,45,0,16,0
fold2_room3_mix013,46,0,16,0
fold2_room3_mix013,47,0,16,0
fold2_room3_mix013,48,0,16,0
fold2_room3_mix013,49,0,16,0
fold2_room3_mix013,50,0,17,0
fold2_room3_mix013,51,0,17,0
fold2_room3_mix013,52,0,18,0
fold2_room3_mix013,53,0,18,0
fold2_room3_mix013,54,0,18,0
fold2_room3_mix013,55,0,18,0
fold2_room3_mix013,56,0,18,0
fold2_room3_mix013,57,0,18,0
fold2_room3_mix013,58,0,19,0
fold2_room3_mix013,59,0,19,0
fold2_room3_mix013,60,0,20,0
fold2_room3_mix013,61,0,20,0
fold2_room3_mix013,62,0,21,0
fold2_room3_mix013,63,0,22,0
fold2_room3_mix013,64,0,24,0
fold2_room3_mix013,65,0,25,0
fold2_room3_mix013,66,0,25,-1
fold2_room3_mix013,67,0,26,-1
fold2_room3_mix013,68,0,26,-1
fold2_room3_mix013,69,0,29,-1
fold2_room3_mix013,70,0,32,-1
fold2_room3_mix013,71,0,35,-1
fold2_room3_mix013,72,0,38,-1
fold2_room3_mix013,73,0,41,-1
fold2_room3_mix013,74,0,44,-1
fold2_room3_mix013,75,0,48,-1
fold2_room3_mix013,76,0,52,-1
fold2_room3_mix013,77,0,57,-2
fold2_room3_mix013,78,0,63,-2
fold2_room3_mix013,79,0,71,-2
fold2_room3_mix013,80,0,81,-2
fold2_room3_mix013,81,0,91,-2
fold2_room3_mix013,82,0,95,-2
fold2_room3_mix013,83,0,98,-2
fold2_room3_mix013,84,0,101,-2
fold2_room3_mix013,85,0,106,-2
fold2_room3_mix013,86,0,113,-2
fold2_room3_mix013,87,0,119,-2
fold2_room3_mix013,88,0,125,-2
fold2_room3_mix013,89,0,131,-2
fold2_room3_mix013,90,0,136,-1
fold2_room3_mix013,91,0,140,-1
fold2_room3_mix013,92,0,140,-1
fold2_room3_mix013,93,0,141,-1
fold2_room3_mix013,94,0,141,-1
fold2_room3_mix013,95,0,144,-1
fold2_room3_mix013,96,0,147,-1
fold2_room3_mix013,97,0,149,-1
fold2_room3_mix013,98,0,150,-1
fold2_room3_mix013,99,0,151,-1
fold2_room3_mix014,2,0,-170,-1
fold2_room3_mix014,3,0,-171,0
fold2_room3_mix014,4,0,-169,0
fold2_room3_mix014,5,0,-169,-1
fold2_room3_mix014,6,0,-169,-1
fold2_room3_mix014,7,0,-169,-1
fold2_room3_mix014,8,0,-169,-1
fold2_room3_mix014,9,0,-169,-1
fold2_room3_mix014,10,0,-170,-1
fold2_room3_mix014,11,0,-170,-1
fold2_room3_mix014,12,0,-170,-1
fold2_room3_mix014,13,0,-170,-1
fold2_room3_mix014,14,0,-170,-1
fold2_room3_mix014,15,0,-169,-1
fold2_room3_mix014,16,0,-169,-1
fold2_room3_mix014,17,0,-169,-1
fold2_room3_mix014,18,0,-169,-1
fold2_room3_mix014,19,0,-168,-1
fold2_room3_mix014,20,0,-168,-1
fold2_room3_mix014,21,0,-168,-1
fold2_room3_mix014,22,0,-169,-1
fold2_room3_mix014,23,0,-169,-1
fold2_room3_mix014,24,0,-169,-1
fold2_room3_mix014,25,0,-169,-1
fold2_room3_mix014,26,0,-168,-1
fold2_room3_mix014,27,0,-168,-1
fold2_room3_mix014,28,0,-168,-1
fold2_room3_mix014,29,0,-167,-1
fold2_room3_mix014,30,0,-167,-1
fold2_room3_mix014,31,0,-167,-1
fold2_room3_mix014,32,0,-167,-1
fold2_room3_mix014,33,0,-167,-1
fold2_room3_mix014,34,0,-167,-1
fold2_room3_mix014,35,0,-167,-1
fold2_room3_mix014,36,0,-168,-1
fold2_room3_mix014,37,0,-168,-1
fold2_room3_mix014,38,0,-168,-1
fold2_room3_mix014,39,0,-167,-1
fold2_room3_mix014,40,0,-167,-1
fold2_room3_mix014,41,0,-167,-1
fold2_room3_mix014,42,0,-167,-1
fold2_room3_mix014,43,0,-166,-1
fold2_room3_mix014,44,0,-166,-1
fold2_room3_mix014,45,0,-166,-1
fold2_room3_mix014,46,0,-165,-1
fold2_room3_mix014,47,0,-164,-1
fold2_room3_mix014,48,0,-164,-1
fold2_room3_mix014,49,0,-163,-1
fold2_room3_mix014,50,0,-163,-1
fold2_room3_mix014,51,0,-162,-1
fold2_room3_mix014,52,0,-162,-1
fold2_room3_mix014,53,0,-161,-1
fold2_room3_mix014,54,0,-160,-1
fold2_room3_mix014,55,0,-159,-1
fold2_room3_mix014,56,0,-158,-1
fold2_room3_mix014,57,0,-156,-1
fold2_room3_mix014,58,0,-155,-1
fold2_room3_mix014,59,0,-154,-1
fold2_room3_mix014,60,0,-153,-1
fold2_room3_mix014,61,0,-153,-1
fold2_room3_mix014,62,0,-152,-1
fold2_room3_mix014,63,0,-150,-1
fold2_room3_mix014,64,0,-148,-1
fold2_room3_mix014,65,0,-145,-1
fold2_room3_mix014,66,0,-142,-1
fold2_room3_mix014,67,0,-140,-2
fold2_room3_mix014,68,0,-137,-2
fold2_room3_mix014,69,0,-132,-2
fold2_room3_mix014,70,0,-127,-2
fold2_room3_mix014,71,0,-122,-2
fold2_room3_mix014,72,0,-118,-2
fold2_room3_mix014,73,0,-115,-2
fold2_room3_mix014,74,0,-112,-2
fold2_room3_mix014,75,0,-108,-2
fold2_room3_mix014,76,0,-101,-2
fold2_room3_mix014,77,0,-93,-2
fold2_room3_mix014,78,0,-85,-2
fold2_room3_mix014,79,0,-78,-2
fold2_room3_mix014,80,0,-72,-2
fold2_room3_mix014,81,0,-66,-2
fold2_room3_mix014,82,0,-59,-2
fold2_room3_mix014,83,0,-53,-1
fold2_room3_mix014,84,0,-46,-1
fold2_room3_mix014,85,0,-43,-1
fold2_room3_mix014,86,0,-42,-1
fold2_room3_mix014,87,0,-40,-1
fold2_room3_mix014,88,0,-37,-1
fold2_room3_mix014,89,0,-34,-1
fold2_room3_mix014,90,0,-31,-1
fold2_room3_mix014,91,0,-28,-1
fold2_room3_mix014,92,0,-27,-1
fold2_room3_mix014,93,0,-27,-1
fold2_room3_mix014,94,0,-26,-1
fold2_room3_mix014,95,0,-25,-1
fold2_room3_mix014,96,0,-24,-1
fold2_room3_mix014,97,0,-24,-1
fold2_room3_mix014,98,0,-24,-1
fold2_room3_mix014,99,0,-25,0
fold2_room3_mix015,0,0,168,-1
fold2_room3_mix015,1,0,168,-1
fold2_room3_mix015,2,0,167,-1
fold2_room3_mix015,3,0,165,-1
fold2_room3_mix015,4,0,163,-1
fold2_room3_mix015,5,0,161,-1
fold2_room3_mix015,6,0,160,-1
fold2_room3_mix015,6,4,173,0
fold2_room3_mix015,7,0,159,-1
fold2_room3_mix015,7,4,173,0
fold2_room3_mix015,8,0,159,-1
fold2_room3_mix015,8,4,173,0
fold2_room3_mix015,9,0,159,-1
fold2_room3_mix015,9,4,173,0
fold2_room3_mix015,10,0,159,-1
fold2_room3_mix015,10,4,172,0
fold2_room3_mix015,11,0,159,-1
fold2_room3_mix015,11,4,172,0
fold2_room3_mix015,12,0,159,-1
fold2_room3_mix015,12,4,172,0
fold2_room3_mix015,13,0,159,-1
fold2_room3_mix015,13,4,172,0
fold2_room3_mix015,14,0,159,-1
fold2_room3_mix015,14,4,171,0
fold2_room3_mix015,15,0,159,-1
fold2_room3_mix015,15,4,170,0
fold2_room3_mix015,16,0,158,-1
fold2_room3_mix015,16,4,168,0
fold2_room3_mix015,17,0,158,-1
fold2_room3_mix015,17,4,167,0
fold2_room3_mix015,18,0,158,-1
fold2_room3_mix015,18,4,163,0
fold2_room3_mix015,19,0,158,-1
fold2_room3_mix015,19,4,158,0
fold2_room3_mix015,20,0,158,-1
fold2_room3_mix015,20,4,154,0
fold2_room3_mix015,21,0,157,-1
fold2_room3_mix015,21,4,153,0
fold2_room3_mix015,22,0,156,-1
fold2_room3_mix015,23,0,156,-1
fold2_room3_mix015,24,0,155,-1
fold2_room3_mix015,25,0,155,-1
fold2_room3_mix015,26,0,154,-1
fold2_room3_mix015,27,0,153,-1
fold2_room3_mix015,28,0,154,-1
fold2_room3_mix015,29,0,154,-1
fold2_room3_mix015,30,0,154,-1
fold2_room3_mix015,31,0,153,-1
fold2_room3_mix015,32,0,153,-1
fold2_room3_mix015,33,0,153,-1
fold2_room3_mix015,34,0,152,-1
fold2_room3_mix015,35,0,152,-1
fold2_room3_mix015,36,0,151,-1
fold2_room3_mix015,37,0,151,-1
fold2_room3_mix015,38,0,150,-1
fold2_room3_mix015,39,0,149,-1
fold2_room3_mix015,40,0,148,-1
fold2_room3_mix015,41,0,148,-1
fold2_room3_mix015,42,0,147,-1
fold2_room3_mix015,43,0,146,-1
fold2_room3_mix015,44,0,145,-1
fold2_room3_mix015,45,0,145,-1
fold2_room3_mix015,46,0,144,-1
fold2_room3_mix015,47,0,143,-1
fold2_room3_mix015,48,0,143,-1
fold2_room3_mix015,49,0,142,-1
fold2_room3_mix015,50,0,141,-1
fold2_room3_mix015,51,0,139,-1
fold2_room3_mix015,52,0,138,-1
fold2_room3_mix015,53,0,136,-2
fold2_room3_mix015,54,0,134,-2
fold2_room3_mix015,54,4,169,0
fold2_room3_mix015,55,0,131,-2
fold2_room3_mix015,55,4,169,0
fold2_room3_mix015,56,0,127,-2
fold2_room3_mix015,56,4,168,0
fold2_room3_mix015,57,0,121,-2
fold2_room3_mix015,57,4,167,0
fold2_room3_mix015,58,0,116,-3
fold2_room3_mix015,58,4,166,0
fold2_room3_mix015,59,0,110,-3
fold2_room3_mix015,59,4,164,0
fold2_room3_mix015,60,0,108,-3
fold2_room3_mix015,60,4,163,0
fold2_room3_mix015,61,0,105,-3
fold2_room3_mix015,61,4,161,0
fold2_room3_mix015,62,0,102,-4
fold2_room3_mix015,62,4,160,0
fold2_room3_mix015,63,0,101,-4
fold2_room3_mix015,64,0,101,-4
fold2_room3_mix015,65,0,100,-3
fold2_room3_mix015,66,0,97,-3
fold2_room3_mix015,67,0,94,-3
fold2_room3_mix015,68,0,92,-3
fold2_room3_mix015,69,0,89,-3
fold2_room3_mix015,70,0,87,-3
fold2_room3_mix015,71,0,85,-3
fold2_room3_mix015,72,0,83,-3
fold2_room3_mix015,73,0,81,-3
fold2_room3_mix015,74,0,78,-3
fold2_room3_mix015,75,0,76,-3
fold2_room3_mix015,76,0,73,-2
fold2_room3_mix015,77,0,70,-2
fold2_room3_mix015,78,0,67,-2
fold2_room3_mix015,79,0,63,-2
fold2_room3_mix015,80,0,60,-2
fold2_room3_mix015,81,0,56,-2
fold2_room3_mix015,82,0,50,-1
fold2_room3_mix015,83,0,44,-1
fold2_room3_mix015,84,0,40,-1
fold2_room3_mix015,84,4,5,0
fold2_room3_mix015,85,0,38,-1
fold2_room3_mix015,85,4,5,0
fold2_room3_mix015,86,0,38,-1
fold2_room3_mix015,87,0,39,-1
fold2_room3_mix015,88,0,38,-1
fold2_room3_mix015,89,0,36,-1
fold2_room3_mix015,90,0,34,-1
fold2_room3_mix015,91,0,33,-1
fold2_room3_mix015,92,0,32,-1
fold2_room3_mix015,93,0,32,-1
fold2_room3_mix015,94,0,31,-1
fold2_room3_mix015,95,0,30,-1
fold2_room3_mix015,95,4,5,0
fold2_room3_mix015,96,0,30,-1
fold2_room3_mix015,96,4,5,0
fold2_room3_mix015,97,0,29,-1
fold2_room3_mix015,97,4,5,0
fold2_room3_mix015,98,0,26,-1
fold2_room3_mix015,98,4,5,0
fold2_room3_mix015,99,0,22,-1
fold2_room3_mix015,99,4,5,0
fold2_room3_mix016,1,0,-171,-1
fold2_room3_mix016,2,0,-171,-1
fold2_room3_mix016,3,0,-169,0
fold2_room3_mix016,4,0,-167,-1
fold2_room3_mix016,5,0,-167,-1
fold2_room3_mix016,6,0,-167,-1
fold2_room3_mix016,7,0,-167,-1
fold2_room3_mix016,8,0,-167,-1
fold2_room3_mix016,9,0,-167,-1
fold2_room3_mix016,10,0,-167,-1
fold2_room3_mix016,11,0,-167,-1
fold2_room3_mix016,12,0,-167,-1
fold2_room3_mix016,13,0,-167,-1
fold2_room3_mix016,14,0,-167,-1
fold2_room3_mix016,15,0,-166,-1
fold2_room3_mix016,16,0,-166,-1
fold2_room3_mix016,17,0,-166,-1
fold2_room3_mix016,18,0,-166,-1
fold2_room3_mix016,19,0,-166,-1
fold2_room3_mix016,20,0,-165,-1
fold2_room3_mix016,21,0,-165,-1
fold2_room3_mix016,22,0,-166,-1
fold2_room3_mix016,23,0,-166,-1
fold2_room3_mix016,24,0,-166,-1
fold2_room3_mix016,25,0,-165,-1
fold2_room3_mix016,26,0,-164,-1
fold2_room3_mix016,27,0,-164,-1
fold2_room3_mix016,28,0,-164,-1
fold2_room3_mix016,29,0,-164,-1
fold2_room3_mix016,30,0,-164,-1
fold2_room3_mix016,31,0,-164,-1
fold2_room3_mix016,32,0,-164,-1
fold2_room3_mix016,33,0,-164,-1
fold2_room3_mix016,34,0,-164,-1
fold2_room3_mix016,35,0,-164,-1
fold2_room3_mix016,36,0,-164,-1
fold2_room3_mix016,37,0,-163,-1
fold2_room3_mix016,38,0,-162,-1
fold2_room3_mix016,39,0,-162,-1
fold2_room3_mix016,40,0,-161,-1
fold2_room3_mix016,41,0,-161,-1
fold2_room3_mix016,42,0,-161,-1
fold2_room3_mix016,43,0,-160,-1
fold2_room3_mix016,44,0,-160,-1
fold2_room3_mix016,45,0,-160,-1
fold2_room3_mix016,46,0,-159,-1
fold2_room3_mix016,47,0,-158,-1
fold2_room3_mix016,48,0,-157,-1
fold2_room3_mix016,49,0,-156,-1
fold2_room3_mix016,50,0,-154,-1
fold2_room3_mix016,51,0,-151,-1
fold2_room3_mix016,52,0,-149,-1
fold2_room3_mix016,53,0,-146,-1
fold2_room3_mix016,54,0,-144,-1
fold2_room3_mix016,55,0,-142,-1
fold2_room3_mix016,56,0,-139,-1
fold2_room3_mix016,57,0,-135,-2
fold2_room3_mix016,58,0,-131,-2
fold2_room3_mix016,59,0,-127,-2
fold2_room3_mix016,60,0,-123,-2
fold2_room3_mix016,61,0,-118,-2
fold2_room3_mix016,62,0,-113,-2
fold2_room3_mix016,63,0,-107,-2
fold2_room3_mix016,64,0,-100,-2
fold2_room3_mix016,65,0,-93,-2
fold2_room3_mix016,66,0,-88,-2
fold2_room3_mix016,67,0,-84,-2
fold2_room3_mix016,68,0,-81,-2
fold2_room3_mix016,69,0,-75,-2
fold2_room3_mix016,70,0,-70,-2
fold2_room3_mix016,71,0,-65,-2
fold2_room3_mix016,72,0,-61,-1
fold2_room3_mix016,73,0,-58,-1
fold2_room3_mix016,74,0,-55,-1
fold2_room3_mix016,75,0,-51,-1
fold2_room3_mix016,76,0,-47,-1
fold2_room3_mix016,77,0,-43,-1
fold2_room3_mix016,78,0,-40,-1
fold2_room3_mix016,79,0,-37,0
fold2_room3_mix016,80,0,-35,0
fold2_room3_mix016,81,0,-33,0
fold2_room3_mix016,82,0,-32,0
fold2_room3_mix016,83,0,-31,0
fold2_room3_mix016,84,0,-30,0
fold2_room3_mix016,85,0,-28,0
fold2_room3_mix016,86,0,-26,0
fold2_room3_mix016,87,0,-24,0
fold2_room3_mix016,88,0,-23,-1
fold2_room3_mix016,89,0,-21,-1
fold2_room3_mix016,90,0,-20,-1
fold2_room3_mix016,91,0,-19,-1
fold2_room3_mix016,92,0,-19,-1
fold2_room3_mix016,93,0,-19,-1
fold2_room3_mix016,94,0,-18,-1
fold2_room3_mix016,95,0,-18,-1
fold2_room3_mix016,96,0,-18,-1
fold2_room3_mix016,97,0,-18,-1
fold2_room3_mix016,98,0,-15,-1
fold2_room3_mix016,99,0,-13,-1
fold2_room3_mix017,2,0,176,0
fold2_room3_mix017,3,0,171,0
fold2_room3_mix017,4,0,167,0
fold2_room3_mix017,5,0,165,0
fold2_room3_mix017,6,0,164,0
fold2_room3_mix017,7,0,162,-1
fold2_room3_mix017,8,0,162,-1
fold2_room3_mix017,9,0,163,-1
fold2_room3_mix017,10,0,163,-1
fold2_room3_mix017,11,0,164,-1
fold2_room3_mix017,12,0,163,-1
fold2_room3_mix017,13,0,162,-1
fold2_room3_mix017,14,0,162,-1
fold2_room3_mix017,15,0,162,-1
fold2_room3_mix017,16,0,163,-1
fold2_room3_mix017,17,0,164,-1
fold2_room3_mix017,18,0,164,-1
fold2_room3_mix017,19,0,164,-1
fold2_room3_mix017,20,0,164,-1
fold2_room3_mix017,21,0,164,-1
fold2_room3_mix017,22,0,164,-1
fold2_room3_mix017,23,0,163,-1
fold2_room3_mix017,24,0,163,-1
fold2_room3_mix017,25,0,164,-1
fold2_room3_mix017,26,0,164,-1
fold2_room3_mix017,27,0,164,-1
fold2_room3_mix017,28,0,164,-1
fold2_room3_mix017,29,0,163,-1
fold2_room3_mix017,30,0,163,-1
fold2_room3_mix017,31,0,163,-1
fold2_room3_mix017,32,0,163,-1
fold2_room3_mix017,33,0,163,-1
fold2_room3_mix017,34,0,163,-1
fold2_room3_mix017,35,0,161,-1
fold2_room3_mix017,36,0,160,-1
fold2_room3_mix017,37,0,161,-1
fold2_room3_mix017,38,0,161,-1
fold2_room3_mix017,39,0,162,-1
fold2_room3_mix017,40,0,163,-1
fold2_room3_mix017,41,0,162,-1
fold2_room3_mix017,42,0,162,-1
fold2_room3_mix017,43,0,161,-1
fold2_room3_mix017,44,0,161,-1
fold2_room3_mix017,45,0,161,-1
fold2_room3_mix017,46,0,161,-1
fold2_room3_mix017,47,0,159,-1
fold2_room3_mix017,48,0,158,-1
fold2_room3_mix017,49,0,156,-1
fold2_room3_mix017,50,0,157,-1
fold2_room3_mix017,51,0,158,-1
fold2_room3_mix017,52,0,160,-1
fold2_room3_mix017,53,0,159,-1
fold2_room3_mix017,54,0,158,-1
fold2_room3_mix017,55,0,157,-1
fold2_room3_mix017,56,0,157,-1
fold2_room3_mix017,57,0,157,-1
fold2_room3_mix017,58,0,158,-1
fold2_room3_mix017,59,0,158,-1
fold2_room3_mix017,60,0,157,-1
fold2_room3_mix017,61,0,156,-1
fold2_room3_mix017,62,0,154,-1
fold2_room3_mix017,63,0,153,-1
fold2_room3_mix017,64,0,151,-1
fold2_room3_mix017,65,0,150,-1
fold2_room3_mix017,66,0,148,-1
fold2_room3_mix017,67,0,146,-1
fold2_room3_mix017,68,0,144,-1
fold2_room3_mix017,69,0,141,-1
fold2_room3_mix017,70,0,138,-2
fold2_room3_mix017,71,0,135,-2
fold2_room3_mix017,72,0,132,-2
fold2_room3_mix017,73,0,130,-2
fold2_room3_mix017,74,0,127,-2
fold2_room3_mix017,75,0,125,-2
fold2_room3_mix017,76,0,121,-2
fold2_room3_mix017,77,0,117,-3
fold2_room3_mix017,78,0,111,-3
fold2_room3_mix017,79,0,102,-3
fold2_room3_mix017,80,0,93,-3
fold2_room3_mix017,81,0,85,-3
fold2_room3_mix017,82,0,79,-3
fold2_room3_mix017,83,0,73,-3
fold2_room3_mix017,84,0,68,-3
fold2_room3_mix017,85,0,64,-2
fold2_room3_mix017,86,0,60,-2
fold2_room3_mix017,87,0,56,-2
fold2_room3_mix017,88,0,52,-2
fold2_room3_mix017,89,0,47,-2
fold2_room3_mix017,90,0,43,-2
fold2_room3_mix017,91,0,39,-2
fold2_room3_mix017,92,0,38,-1
fold2_room3_mix017,93,0,37,-1
fold2_room3_mix017,94,0,35,-1
fold2_room3_mix017,95,0,34,-1
fold2_room3_mix017,96,0,33,-1
fold2_room3_mix017,97,0,32,-1
fold2_room3_mix017,98,0,27,-1
fold2_room3_mix017,99,0,20,-1
fold2_room3_mix018,2,0,-8,0
fold2_room3_mix018,3,0,-10,0
fold2_room3_mix018,4,0,-12,0
fold2_room3_mix018,5,0,-12,0
fold2_room3_mix018,6,0,-12,-1
fold2_room3_mix018,7,0,-11,-1
fold2_room3_mix018,8,0,-11,-1
fold2_room3_mix018,9,0,-12,-1
fold2_room3_mix018,10,0,-12,-1
fold2_room3_mix018,11,0,-12,-1
fold2_room3_mix018,12,0,-12,-1
fold2_room3_mix018,13,0,-12,-1
fold2_room3_mix018,14,0,-12,-1
fold2_room3_mix018,15,0,-12,-1
fold2_room3_mix018,16,0,-12,-1
fold2_room3_mix018,17,0,-12,-1
fold2_room3_mix018,18,0,-12,-1
fold2_room3_mix018,19,0,-12,-1
fold2_room3_mix018,20,0,-12,-1
fold2_room3_mix018,21,0,-12,-1
fold2_room3_mix018,22,0,-12,-1
fold2_room3_mix018,23,0,-12,-1
fold2_room3_mix018,24,0,-12,-1
fold2_room3_mix018,25,0,-13,-1
fold2_room3_mix018,26,0,-13,-1
fold2_room3_mix018,27,0,-13,-1
fold2_room3_mix018,28,0,-14,-1
fold2_room3_mix018,29,0,-14,-1
fold2_room3_mix018,30,0,-14,-1
fold2_room3_mix018,31,0,-16,-1
fold2_room3_mix018,32,0,-17,-1
fold2_room3_mix018,33,0,-18,-1
fold2_room3_mix018,34,0,-18,-1
fold2_room3_mix018,35,0,-17,-1
fold2_room3_mix018,36,0,-16,-1
fold2_room3_mix018,37,0,-16,-1
fold2_room3_mix018,38,0,-16,-1
fold2_room3_mix018,39,0,-17,-1
fold2_room3_mix018,40,0,-17,-1
fold2_room3_mix018,41,0,-16,-1
fold2_room3_mix018,42,0,-16,-1
fold2_room3_mix018,43,0,-16,-1
fold2_room3_mix018,44,0,-16,-1
fold2_room3_mix018,45,0,-17,-1
fold2_room3_mix018,46,0,-17,-1
fold2_room3_mix018,47,0,-17,-1
fold2_room3_mix018,48,0,-17,-1
fold2_room3_mix018,49,0,-17,-1
fold2_room3_mix018,50,0,-18,-1
fold2_room3_mix018,51,0,-19,-1
fold2_room3_mix018,52,0,-19,-1
fold2_room3_mix018,53,0,-21,-1
fold2_room3_mix018,54,0,-22,-1
fold2_room3_mix018,55,0,-24,-1
fold2_room3_mix018,56,0,-26,-1
fold2_room3_mix018,57,0,-26,-1
fold2_room3_mix018,58,0,-27,0
fold2_room3_mix018,59,0,-28,-1
fold2_room3_mix018,60,0,-29,-1
fold2_room3_mix018,61,0,-30,-1
fold2_room3_mix018,62,0,-32,-1
fold2_room3_mix018,63,0,-37,-1
fold2_room3_mix018,64,0,-43,-1
fold2_room3_mix018,65,0,-49,-1
fold2_room3_mix018,66,0,-53,-1
fold2_room3_mix018,67,0,-56,-2
fold2_room3_mix018,68,0,-59,-2
fold2_room3_mix018,69,0,-64,-2
fold2_room3_mix018,70,0,-71,-2
fold2_room3_mix018,71,0,-78,-2
fold2_room3_mix018,72,0,-84,-2
fold2_room3_mix018,73,0,-88,-2
fold2_room3_mix018,74,0,-92,-2
fold2_room3_mix018,75,0,-96,-2
fold2_room3_mix018,76,0,-102,-2
fold2_room3_mix018,77,0,-108,-2
fold2_room3_mix018,78,0,-113,-2
fold2_room3_mix018,79,0,-117,-2
fold2_room3_mix018,80,0,-120,-2
fold2_room3_mix018,81,0,-124,-2
fold2_room3_mix018,82,0,-128,-2
fold2_room3_mix018,83,0,-133,-2
fold2_room3_mix018,84,0,-138,-1
fold2_room3_mix018,85,0,-141,-1
fold2_room3_mix018,86,0,-142,-1
fold2_room3_mix018,87,0,-143,-1
fold2_room3_mix018,88,0,-145,-1
fold2_room3_mix018,89,0,-147,-1
fold2_room3_mix018,90,0,-149,-1
fold2_room3_mix018,91,0,-150,-1
fold2_room3_mix018,92,0,-151,-1
fold2_room3_mix018,93,0,-152,-1
fold2_room3_mix018,94,0,-153,-1
fold2_room3_mix018,95,0,-153,-1
fold2_room3_mix018,96,0,-154,-1
fold2_room3_mix018,97,0,-154,0
fold2_room3_mix018,98,0,-156,0
fold2_room3_mix018,99,0,-159,0
fold2_room3_mix019,2,0,3,0
fold2_room3_mix019,3,0,8,0
fold2_room3_mix019,4,0,13,0
fold2_room3_mix019,5,0,14,0
fold2_room3_mix019,6,0,14,0
fold2_room3_mix019,7,0,14,0
fold2_room3_mix019,8,0,14,0
fold2_room3_mix019,9,0,14,0
fold2_room3_mix019,10,0,15,0
fold2_room3_mix019,11,0,15,0
fold2_room3_mix019,12,0,15,0
fold2_room3_mix019,13,0,15,0
fold2_room3_mix019,14,0,15,0
fold2_room3_mix019,15,0,14,0
fold2_room3_mix019,16,0,13,0
fold2_room3_mix019,17,0,12,0
fold2_room3_mix019,18,0,12,0
fold2_room3_mix019,18,4,0,1
fold2_room3_mix019,19,0,13,0
fold2_room3_mix019,19,4,0,0
fold2_room3_mix019,20,0,14,0
fold2_room3_mix019,20,4,0,0
fold2_room3_mix019,21,0,14,0
fold2_room3_mix019,21,4,0,0
fold2_room3_mix019,22,0,14,0
fold2_room3_mix019,22,4,0,0
fold2_room3_mix019,23,0,14,0
fold2_room3_mix019,23,4,0,0
fold2_room3_mix019,24,0,14,0
fold2_room3_mix019,25,0,14,0
fold2_room3_mix019,26,0,14,0
fold2_room3_mix019,27,0,14,0
fold2_room3_mix019,28,0,14,0
fold2_room3_mix019,29,0,15,0
fold2_room3_mix019,30,0,15,0
fold2_room3_mix019,31,0,15,-1
fold2_room3_mix019,32,0,15,-1
fold2_room3_mix019,33,0,15,-1
fold2_room3_mix019,34,0,15,-1
fold2_room3_mix019,35,0,15,-1
fold2_room3_mix019,36,0,15,-1
fold2_room3_mix019,37,0,15,-1
fold2_room3_mix019,38,0,16,-1
fold2_room3_mix019,39,0,16,-1
fold2_room3_mix019,40,0,16,0
fold2_room3_mix019,41,0,17,0
fold2_room3_mix019,42,0,18,0
fold2_room3_mix019,42,4,0,1
fold2_room3_mix019,43,0,18,0
fold2_room3_mix019,43,4,0,1
fold2_room3_mix019,44,0,19,0
fold2_room3_mix019,44,4,0,1
fold2_room3_mix019,45,0,19,-1
fold2_room3_mix019,45,4,0,1
fold2_room3_mix019,46,0,19,-1
fold2_room3_mix019,47,0,20,-1
fold2_room3_mix019,47,4,0,1
fold2_room3_mix019,48,0,21,-1
fold2_room3_mix019,48,4,1,1
fold2_room3_mix019,49,0,21,-1
fold2_room3_mix019,49,4,1,1
fold2_room3_mix019,50,0,23,-1
fold2_room3_mix019,50,4,2,0
fold2_room3_mix019,51,0,24,-1
fold2_room3_mix019,51,4,2,0
fold2_room3_mix019,52,0,25,-1
fold2_room3_mix019,52,4,3,0
fold2_room3_mix019,53,0,28,-1
fold2_room3_mix019,53,4,5,0
fold2_room3_mix019,54,0,32,-1
fold2_room3_mix019,54,4,9,0
fold2_room3_mix019,55,0,36,-1
fold2_room3_mix019,55,4,12,0
fold2_room3_mix019,56,0,44,-2
fold2_room3_mix019,56,4,17,0
fold2_room3_mix019,57,0,54,-2
fold2_room3_mix019,57,4,25,0
fold2_room3_mix019,58,0,65,-2
fold2_room3_mix019,58,4,33,0
fold2_room3_mix019,59,0,78,-3
fold2_room3_mix019,59,4,42,0
fold2_room3_mix019,60,0,95,-3
fold2_room3_mix019,60,4,60,-1
fold2_room3_mix019,61,0,110,-3
fold2_room3_mix019,61,4,92,-1
fold2_room3_mix019,62,0,120,-3
fold2_room3_mix019,62,4,121,0
fold2_room3_mix019,63,0,126,-2
fold2_room3_mix019,63,4,136,0
fold2_room3_mix019,64,0,131,-2
fold2_room3_mix019,64,4,146,0
fold2_room3_mix019,65,0,138,-2
fold2_room3_mix019,65,4,154,0
fold2_room3_mix019,66,0,142,-2
fold2_room3_mix019,66,4,156,0
fold2_room3_mix019,67,0,145,-1
fold2_room3_mix019,67,4,157,0
fold2_room3_mix019,68,0,148,-1
fold2_room3_mix019,69,0,150,-1
fold2_room3_mix019,70,0,151,-1
fold2_room3_mix019,71,0,152,-1
fold2_room3_mix019,72,0,154,-1
fold2_room3_mix019,73,0,155,-1
fold2_room3_mix019,73,4,175,0
fold2_room3_mix019,74,0,156,-1
fold2_room3_mix019,74,4,175,0
fold2_room3_mix019,75,0,158,-1
fold2_room3_mix019,75,4,175,0
fold2_room3_mix019,76,0,159,-1
fold2_room3_mix019,76,4,175,0
fold2_room3_mix019,77,0,161,-1
fold2_room3_mix019,77,4,175,0
fold2_room3_mix019,78,0,162,-1
fold2_room3_mix019,78,4,175,0
fold2_room3_mix019,79,0,163,-1
fold2_room3_mix019,79,4,175,0
fold2_room3_mix019,80,0,164,-1
fold2_room3_mix019,80,4,176,0
fold2_room3_mix019,81,0,164,-1
fold2_room3_mix019,81,4,176,0
fold2_room3_mix019,82,0,165,-1
fold2_room3_mix019,82,4,176,0
fold2_room3_mix019,83,0,165,-1
fold2_room3_mix019,83,4,175,0
fold2_room3_mix019,84,0,165,-1
fold2_room3_mix019,85,0,166,-1
fold2_room3_mix019,86,0,166,-1
fold2_room3_mix019,86,4,175,0
fold2_room3_mix019,87,0,166,-1
fold2_room3_mix019,87,4,175,0
fold2_room3_mix019,88,0,166,-1
fold2_room3_mix019,88,4,176,0
fold2_room3_mix019,89,0,166,-1
fold2_room3_mix019,89,4,176,0
fold2_room3_mix019,90,0,166,-1
fold2_room3_mix019,90,4,176,0
fold2_room3_mix019,91,0,166,-1
fold2_room3_mix019,91,4,177,0
fold2_room3_mix019,92,0,167,-1
fold2_room3_mix019,92,4,177,0
fold2_room3_mix019,93,0,167,-1
fold2_room3_mix019,93,4,177,0
fold2_room3_mix019,94,0,168,-1
fold2_room3_mix019,94,4,177,0
fold2_room3_mix019,95,0,169,-1
fold2_room3_mix019,96,0,169,-1
fold2_room3_mix019,97,0,170,-1
fold2_room3_mix019,98,0,169,0
fold2_room3_mix019,99,0,168,0
fold2_room3_mix020,2,0,-7,0
fold2_room3_mix020,3,0,-10,0
fold2_room3_mix020,4,0,-13,0
fold2_room3_mix020,5,0,-14,-1
fold2_room3_mix020,6,0,-13,-1
fold2_room3_mix020,7,0,-12,-1
fold2_room3_mix020,8,0,-11,-1
fold2_room3_mix020,9,0,-11,-1
fold2_room3_mix020,10,0,-11,-1
fold2_room3_mix020,11,0,-12,-1
fold2_room3_mix020,12,0,-12,-1
fold2_room3_mix020,13,0,-13,-1
fold2_room3_mix020,14,0,-13,-1
fold2_room3_mix020,15,0,-13,-1
fold2_room3_mix020,16,0,-13,-1
fold2_room3_mix020,17,0,-12,-1
fold2_room3_mix020,18,0,-12,-1
fold2_room3_mix020,19,0,-12,-1
fold2_room3_mix020,20,0,-12,-1
fold2_room3_mix020,21,0,-12,-1
fold2_room3_mix020,22,0,-12,-1
fold2_room3_mix020,23,0,-12,-1
fold2_room3_mix020,24,0,-13,-1
fold2_room3_mix020,25,0,-13,-1
fold2_room3_mix020,26,0,-14,-1
fold2_room3_mix020,27,0,-14,-1
fold2_room3_mix020,28,0,-14,-1
fold2_room3_mix020,29,0,-14,-1
fold2_room3_mix020,30,0,-14,-1
fold2_room3_mix020,31,0,-14,-1
fold2_room3_mix020,32,0,-15,-1
fold2_room3_mix020,33,0,-15,-1
fold2_room3_mix020,34,0,-15,-1
fold2_room3_mix020,35,0,-15,-1
fold2_room3_mix020,36,0,-15,-1
fold2_room3_mix020,37,0,-15,-1
fold2_room3_mix020,38,0,-15,-1
fold2_room3_mix020,39,0,-15,-1
fold2_room3_mix020,40,0,-15,-1
fold2_room3_mix020,41,0,-15,-1
fold2_room3_mix020,42,0,-15,-1
fold2_room3_mix020,43,0,-15,-1
fold2_room3_mix020,44,0,-15,-1
fold2_room3_mix020,45,0,-16,-1
fold2_room3_mix020,46,0,-17,-1
fold2_room3_mix020,47,0,-17,-1
fold2_room3_mix020,48,0,-17,-1
fold2_room3_mix020,49,0,-18,-1
fold2_room3_mix020,50,0,-18,-1
fold2_room3_mix020,51,0,-19,-1
fold2_room3_mix020,52,0,-19,-1
fold2_room3_mix020,53,0,-19,-1
fold2_room3_mix020,54,0,-19,-1
fold2_room3_mix020,55,0,-19,-1
fold2_room3_mix020,56,0,-19,-1
fold2_room3_mix020,57,0,-19,-1
fold2_room3_mix020,58,0,-20,-1
fold2_room3_mix020,59,0,-21,-1
fold2_room3_mix020,60,0,-22,-1
fold2_room3_mix020,61,0,-23,-1
fold2_room3_mix020,62,0,-25,-1
fold2_room3_mix020,63,0,-27,-1
fold2_room3_mix020,64,0,-28,0
fold2_room3_mix020,65,0,-30,0
fold2_room3_mix020,66,0,-33,-1
fold2_room3_mix020,67,0,-35,-1
fold2_room3_mix020,68,0,-38,-1
fold2_room3_mix020,69,0,-44,-1
fold2_room3_mix020,70,0,-49,-1
fold2_room3_mix020,71,0,-53,-1
fold2_room3_mix020,72,0,-57,-1
fold2_room3_mix020,73,0,-61,-2
fold2_room3_mix020,74,0,-65,-2
fold2_room3_mix020,75,0,-69,-2
fold2_room3_mix020,76,0,-73,-2
fold2_room3_mix020,77,0,-77,-2
fold2_room3_mix020,78,0,-81,-2
fold2_room3_mix020,79,0,-88,-2
fold2_room3_mix020,80,0,-95,-2
fold2_room3_mix020,81,0,-102,-2
fold2_room3_mix020,82,0,-109,-2
fold2_room3_mix020,83,0,-116,-2
fold2_room3_mix020,84,0,-121,-2
fold2_room3_mix020,85,0,-125,-2
fold2_room3_mix020,86,0,-127,-2
fold2_room3_mix020,87,0,-130,-2
fold2_room3_mix020,88,0,-132,-2
fold2_room3_mix020,89,0,-136,-2
fold2_room3_mix020,90,0,-139,-2
fold2_room3_mix020,91,0,-141,-1
fold2_room3_mix020,92,0,-143,-1
fold2_room3_mix020,93,0,-144,-1
fold2_room3_mix020,94,0,-145,-1
fold2_room3_mix020,95,0,-148,-1
fold2_room3_mix020,96,0,-149,-1
fold2_room3_mix020,97,0,-151,-1
fold2_room3_mix020,98,0,-153,0
fold2_room3_mix020,99,0,-156,0
fold2_room3_mix021,1,0,174,-1
fold2_room3_mix021,2,0,172,0
fold2_room3_mix021,3,0,170,0
fold2_room3_mix021,4,0,167,0
fold2_room3_mix021,5,0,167,0
fold2_room3_mix021,6,0,166,0
fold2_room3_mix021,7,0,166,-1
fold2_room3_mix021,8,0,166,-1
fold2_room3_mix021,9,0,166,-1
fold2_room3_mix021,10,0,166,-1
fold2_room3_mix021,11,0,166,-1
fold2_room3_mix021,12,0,166,-1
fold2_room3_mix021,13,0,166,-1
fold2_room3_mix021,14,0,167,-1
fold2_room3_mix021,15,0,167,-1
fold2_room3_mix021,16,0,167,-1
fold2_room3_mix021,17,0,167,-1
fold2_room3_mix021,18,0,167,-1
fold2_room3_mix021,19,0,167,-1
fold2_room3_mix021,20,0,166,-1
fold2_room3_mix021,21,0,166,-1
fold2_room3_mix021,22,0,165,-1
fold2_room3_mix021,23,0,164,-1
fold2_room3_mix021,24,0,164,-1
fold2_room3_mix021,25,0,164,-1
fold2_room3_mix021,26,0,164,-1
fold2_room3_mix021,27,0,164,-1
fold2_room3_mix021,28,0,164,-1
fold2_room3_mix021,29,0,163,-1
fold2_room3_mix021,30,0,162,-1
fold2_room3_mix021,31,0,163,-1
fold2_room3_mix021,32,0,163,-1
fold2_room3_mix021,33,0,164,-1
fold2_room3_mix021,34,0,164,-1
fold2_room3_mix021,35,0,164,-1
fold2_room3_mix021,36,0,164,-1
fold2_room3_mix021,37,0,164,-1
fold2_room3_mix021,38,0,165,-1
fold2_room3_mix021,39,0,165,-1
fold2_room3_mix021,40,0,165,-1
fold2_room3_mix021,41,0,164,-1
fold2_room3_mix021,42,0,164,-1
fold2_room3_mix021,43,0,163,-1
fold2_room3_mix021,44,0,163,-1
fold2_room3_mix021,45,0,164,-1
fold2_room3_mix021,46,0,164,-1
fold2_room3_mix021,47,0,163,-1
fold2_room3_mix021,48,0,163,-1
fold2_room3_mix021,49,0,163,-1
fold2_room3_mix021,50,0,163,-1
fold2_room3_mix021,51,0,162,-1
fold2_room3_mix021,52,0,162,-1
fold2_room3_mix021,53,0,162,-1
fold2_room3_mix021,54,0,162,-1
fold2_room3_mix021,55,0,162,-1
fold2_room3_mix021,56,0,161,-1
fold2_room3_mix021,57,0,160,-1
fold2_room3_mix021,58,0,158,-1
fold2_room3_mix021,59,0,157,-1
fold2_room3_mix021,60,0,157,-1
fold2_room3_mix021,61,0,157,-1
fold2_room3_mix021,62,0,156,-1
fold2_room3_mix021,63,0,152,-1
fold2_room3_mix021,64,0,146,-1
fold2_room3_mix021,65,0,141,-2
fold2_room3_mix021,66,0,135,-2
fold2_room3_mix021,67,0,129,-2
fold2_room3_mix021,68,0,123,-2
fold2_room3_mix021,69,0,114,-2
fold2_room3_mix021,70,0,99,-3
fold2_room3_mix021,71,0,82,-3
fold2_room3_mix021,72,0,69,-2
fold2_room3_mix021,73,0,59,-2
fold2_room3_mix021,74,0,50,-2
fold2_room3_mix021,75,0,43,-2
fold2_room3_mix021,76,0,39,-1
fold2_room3_mix021,77,0,34,-1
fold2_room3_mix021,78,0,30,-1
fold2_room3_mix021,79,0,29,-1
fold2_room3_mix021,80,0,28,-1
fold2_room3_mix021,81,0,27,-1
fold2_room3_mix021,82,0,26,-1
fold2_room3_mix021,83,0,25,-1
fold2_room3_mix021,84,0,25,-1
fold2_room3_mix021,85,0,24,-1
fold2_room3_mix021,86,0,25,-1
fold2_room3_mix021,87,0,25,-1
fold2_room3_mix021,88,0,24,-1
fold2_room3_mix021,89,0,24,-1
fold2_room3_mix021,90,0,23,-1
fold2_room3_mix021,91,0,22,-1
fold2_room3_mix021,92,0,21,-1
fold2_room3_mix021,93,0,21,-1
fold2_room3_mix021,94,0,20,-1
fold2_room3_mix021,95,0,20,-1
fold2_room3_mix021,96,0,20,-1
fold2_room3_mix021,97,0,20,-1
fold2_room3_mix021,98,0,18,-1
fold2_room3_mix021,99,0,15,-1
fold2_room3_mix022,3,0,-6,0
fold2_room3_mix022,4,0,-8,0
fold2_room3_mix022,5,0,-9,0
fold2_room3_mix022,6,0,-9,-1
fold2_room3_mix022,7,0,-9,-1
fold2_room3_mix022,8,0,-9,-1
fold2_room3_mix022,9,0,-9,-1
fold2_room3_mix022,10,0,-9,-1
fold2_room3_mix022,11,0,-9,-1
fold2_room3_mix022,12,0,-9,-1
fold2_room3_mix022,13,0,-9,-1
fold2_room3_mix022,14,0,-9,-1
fold2_room3_mix022,15,0,-9,-1
fold2_room3_mix022,16,0,-9,-1
fold2_room3_mix022,17,0,-8,-1
fold2_room3_mix022,18,0,-8,-1
fold2_room3_mix022,19,0,-8,-1
fold2_room3_mix022,20,0,-8,-1
fold2_room3_mix022,21,0,-8,-1
fold2_room3_mix022,22,0,-8,-1
fold2_room3_mix022,23,0,-8,-1
fold2_room3_mix022,24,0,-8,-1
fold2_room3_mix022,25,0,-9,-1
fold2_room3_mix022,26,0,-9,-1
fold2_room3_mix022,27,0,-10,-1
fold2_room3_mix022,28,0,-10,-1
fold2_room3_mix022,29,0,-10,-1
fold2_room3_mix022,30,0,-11,-1
fold2_room3_mix022,31,0,-11,-1
fold2_room3_mix022,32,0,-11,-1
fold2_room3_mix022,33,0,-12,-1
fold2_room3_mix022,34,0,-12,-1
fold2_room3_mix022,35,0,-12,-1
fold2_room3_mix022,36,0,-12,-1
fold2_room3_mix022,37,0,-11,-1
fold2_room3_mix022,38,0,-11,-1
fold2_room3_mix022,39,0,-11,-1
fold2_room3_mix022,40,0,-11,-1
fold2_room3_mix022,41,0,-11,-1
fold2_room3_mix022,42,0,-11,-1
fold2_room3_mix022,43,0,-11,-1
fold2_room3_mix022,44,0,-11,-1
fold2_room3_mix022,45,0,-11,-1
fold2_room3_mix022,46,0,-11,-1
fold2_room3_mix022,47,0,-11,-1
fold2_room3_mix022,48,0,-11,-1
fold2_room3_mix022,49,0,-11,-1
fold2_room3_mix022,50,0,-11,-1
fold2_room3_mix022,51,0,-12,-1
fold2_room3_mix022,52,0,-12,-1
fold2_room3_mix022,53,0,-12,-1
fold2_room3_mix022,54,0,-12,-1
fold2_room3_mix022,55,0,-12,-1
fold2_room3_mix022,56,0,-12,-1
fold2_room3_mix022,57,0,-13,-1
fold2_room3_mix022,58,0,-13,-1
fold2_room3_mix022,59,0,-13,-1
fold2_room3_mix022,60,0,-14,-1
fold2_room3_mix022,61,0,-15,-1
fold2_room3_mix022,62,0,-16,-1
fold2_room3_mix022,63,0,-17,-1
fold2_room3_mix022,64,0,-18,-1
fold2_room3_mix022,65,0,-20,-1
fold2_room3_mix022,66,0,-21,-1
fold2_room3_mix022,67,0,-23,-1
fold2_room3_mix022,68,0,-24,-1
fold2_room3_mix022,69,0,-26,-1
fold2_room3_mix022,70,0,-28,-1
fold2_room3_mix022,71,0,-30,-1
fold2_room3_mix022,72,0,-35,-1
fold2_room3_mix022,73,0,-41,-1
fold2_room3_mix022,74,0,-46,-1
fold2_room3_mix022,75,0,-51,-2
fold2_room3_mix022,76,0,-58,-2
fold2_room3_mix022,77,0,-66,-2
fold2_room3_mix022,78,0,-76,-2
fold2_room3_mix022,79,0,-86,-2
fold2_room3_mix022,80,0,-97,-2
fold2_room3_mix022,81,0,-108,-2
fold2_room3_mix022,82,0,-122,-2
fold2_room3_mix022,83,0,-133,-2
fold2_room3_mix022,84,0,-143,-1
fold2_room3_mix022,85,0,-147,-1
fold2_room3_mix022,86,0,-148,-1
fold2_room3_mix022,87,0,-149,-1
fold2_room3_mix022,88,0,-151,-1
fold2_room3_mix022,89,0,-153,-1
fold2_room3_mix022,90,0,-156,-1
fold2_room3_mix022,91,0,-157,-1
fold2_room3_mix022,92,0,-158,-1
fold2_room3_mix022,93,0,-159,-1
fold2_room3_mix022,94,0,-160,-1
fold2_room3_mix022,95,0,-161,-1
fold2_room3_mix022,96,0,-161,-1
fold2_room3_mix022,97,0,-162,-1
fold2_room3_mix022,98,0,-163,0
fold2_room3_mix022,99,0,-165,0
fold2_room3_mix023,0,0,169,0
fold2_room3_mix023,1,0,169,0
fold2_room3_mix023,2,0,169,0
fold2_room3_mix023,3,0,167,0
fold2_room3_mix023,4,0,166,0
fold2_room3_mix023,5,0,165,0
fold2_room3_mix023,6,0,164,0
fold2_room3_mix023,7,0,164,0
fold2_room3_mix023,8,0,164,-1
fold2_room3_mix023,9,0,164,-1
fold2_room3_mix023,10,0,165,-1
fold2_room3_mix023,11,0,165,-1
fold2_room3_mix023,12,0,165,0
fold2_room3_mix023,13,0,164,0
fold2_room3_mix023,14,0,164,0
fold2_room3_mix023,15,0,164,0
fold2_room3_mix023,16,0,164,0
fold2_room3_mix023,17,0,164,0
fold2_room3_mix023,18,0,164,0
fold2_room3_mix023,19,0,163,0
fold2_room3_mix023,20,0,163,0
fold2_room3_mix023,21,0,162,0
fold2_room3_mix023,22,0,162,0
fold2_room3_mix023,23,0,162,-1
fold2_room3_mix023,24,0,162,-1
fold2_room3_mix023,25,0,163,-1
fold2_room3_mix023,26,0,163,-1
fold2_room3_mix023,27,0,163,-1
fold2_room3_mix023,28,0,162,-1
fold2_room3_mix023,29,0,162,-1
fold2_room3_mix023,30,0,161,-1
fold2_room3_mix023,31,0,161,-1
fold2_room3_mix023,32,0,160,-1
fold2_room3_mix023,33,0,160,-1
fold2_room3_mix023,34,0,160,-1
fold2_room3_mix023,35,0,159,-1
fold2_room3_mix023,36,0,159,-1
fold2_room3_mix023,37,0,159,-1
fold2_room3_mix023,38,0,158,-1
fold2_room3_mix023,39,0,157,-1
fold2_room3_mix023,40,0,157,-1
fold2_room3_mix023,41,0,156,-1
fold2_room3_mix023,42,0,155,-1
fold2_room3_mix023,43,0,154,-1
fold2_room3_mix023,44,0,153,-1
fold2_room3_mix023,45,0,151,-1
fold2_room3_mix023,46,0,150,-1
fold2_room3_mix023,47,0,149,-1
fold2_room3_mix023,48,0,147,-1
fold2_room3_mix023,49,0,146,-1
fold2_room3_mix023,50,0,145,-1
fold2_room3_mix023,51,0,145,-1
fold2_room3_mix023,52,0,144,-1
fold2_room3_mix023,53,0,139,-2
fold2_room3_mix023,54,0,133,-2
fold2_room3_mix023,55,0,127,-2
fold2_room3_mix023,56,0,122,-2
fold2_room3_mix023,57,0,117,-2
fold2_room3_mix023,58,0,111,-3
fold2_room3_mix023,59,0,105,-3
fold2_room3_mix023,60,0,99,-3
fold2_room3_mix023,61,0,92,-3
fold2_room3_mix023,62,0,85,-3
fold2_room3_mix023,63,0,77,-3
fold2_room3_mix023,64,0,70,-2
fold2_room3_mix023,65,0,63,-2
fold2_room3_mix023,66,0,56,-2
fold2_room3_mix023,67,0,48,-1
fold2_room3_mix023,68,0,41,-1
fold2_room3_mix023,69,0,38,-1
fold2_room3_mix023,70,0,36,-1
fold2_room3_mix023,71,0,35,-1
fold2_room3_mix023,72,0,34,-1
fold2_room3_mix023,73,0,32,-1
fold2_room3_mix023,74,0,30,-1
fold2_room3_mix023,75,0,29,-1
fold2_room3_mix023,76,0,27,-1
fold2_room3_mix023,77,0,26,-1
fold2_room3_mix023,78,0,25,-1
fold2_room3_mix023,79,0,24,-1
fold2_room3_mix023,80,0,23,0
fold2_room3_mix023,81,0,23,0
fold2_room3_mix023,82,0,22,0
fold2_room3_mix023,83,0,21,0
fold2_room3_mix023,84,0,20,-1
fold2_room3_mix023,85,0,20,-1
fold2_room3_mix023,86,0,20,-1
fold2_room3_mix023,87,0,20,-1
fold2_room3_mix023,88,0,20,-1
fold2_room3_mix023,89,0,20,-1
fold2_room3_mix023,90,0,20,-1
fold2_room3_mix023,91,0,20,-1
fold2_room3_mix023,92,0,20,-1
fold2_room3_mix023,93,0,19,-1
fold2_room3_mix023,94,0,19,-1
fold2_room3_mix023,95,0,19,-1
fold2_room3_mix023,96,0,19,-1
fold2_room3_mix023,97,0,18,-1
fold2_room3_mix023,98,0,15,-1
fold2_room3_mix023,99,0,11,-1
fold2_room3_mix024,3,0,-173,-1
fold2_room3_mix024,4,0,-170,-1
fold2_room3_mix024,5,0,-169,-1
fold2_room3_mix024,6,0,-169,-1
fold2_room3_mix024,7,0,-169,-1
fold2_room3_mix024,8,0,-169,-1
fold2_room3_mix024,9,0,-169,-1
fold2_room3_mix024,10,0,-170,-1
fold2_room3_mix024,11,0,-170,-1
fold2_room3_mix024,12,0,-170,-1
fold2_room3_mix024,13,0,-171,-1
fold2_room3_mix024,14,0,-171,-1
fold2_room3_mix024,15,0,-171,-1
fold2_room3_mix024,16,0,-171,-1
fold2_room3_mix024,17,0,-172,-1
fold2_room3_mix024,18,0,-171,-1
fold2_room3_mix024,19,0,-171,-1
fold2_room3_mix024,20,0,-170,-1
fold2_room3_mix024,21,0,-170,-1
fold2_room3_mix024,22,0,-171,-1
fold2_room3_mix024,23,0,-171,-1
fold2_room3_mix024,24,0,-171,-1
fold2_room3_mix024,25,0,-170,-1
fold2_room3_mix024,26,0,-169,-1
fold2_room3_mix024,27,0,-168,-1
fold2_room3_mix024,28,0,-168,-1
fold2_room3_mix024,29,0,-167,-1
fold2_room3_mix024,30,0,-167,-1
fold2_room3_mix024,31,0,-166,-1
fold2_room3_mix024,32,0,-166,-1
fold2_room3_mix024,33,0,-165,-1
fold2_room3_mix024,34,0,-165,-1
fold2_room3_mix024,35,0,-165,-1
fold2_room3_mix024,36,0,-165,-1
fold2_room3_mix024,37,0,-165,-1
fold2_room3_mix024,38,0,-165,-1
fold2_room3_mix024,39,0,-165,-1
fold2_room3_mix024,40,0,-165,-1
fold2_room3_mix024,41,0,-165,-1
fold2_room3_mix024,42,0,-165,-1
fold2_room3_mix024,43,0,-165,-1
fold2_room3_mix024,44,0,-164,-1
fold2_room3_mix024,45,0,-164,-1
fold2_room3_mix024,46,0,-164,-1
fold2_room3_mix024,47,0,-163,-1
fold2_room3_mix024,48,0,-163,-1
fold2_room3_mix024,49,0,-162,-1
fold2_room3_mix024,50,0,-161,-1
fold2_room3_mix024,51,0,-161,-1
fold2_room3_mix024,52,0,-160,-1
fold2_room3_mix024,53,0,-159,-1
fold2_room3_mix024,54,0,-159,-1
fold2_room3_mix024,55,0,-158,-1
fold2_room3_mix024,56,0,-156,-1
fold2_room3_mix024,57,0,-152,-1
fold2_room3_mix024,58,0,-148,-2
fold2_room3_mix024,59,0,-144,-2
fold2_room3_mix024,60,0,-140,-2
fold2_room3_mix024,61,0,-136,-2
fold2_room3_mix024,62,0,-131,-2
fold2_room3_mix024,63,0,-126,-2
fold2_room3_mix024,64,0,-120,-2
fold2_room3_mix024,65,0,-115,-2
fold2_room3_mix024,66,0,-109,-2
fold2_room3_mix024,67,0,-103,-3
fold2_room3_mix024,68,0,-97,-3
fold2_room3_mix024,69,0,-88,-3
fold2_room3_mix024,70,0,-79,-2
fold2_room3_mix024,71,0,-70,-2
fold2_room3_mix024,72,0,-63,-2
fold2_room3_mix024,73,0,-57,-2
fold2_room3_mix024,74,0,-51,-1
fold2_room3_mix024,75,0,-47,-1
fold2_room3_mix024,76,0,-44,-1
fold2_room3_mix024,77,0,-41,-1
fold2_room3_mix024,78,0,-37,-1
fold2_room3_mix024,79,0,-33,-1
fold2_room3_mix024,80,0,-30,-1
fold2_room3_mix024,81,0,-26,-1
fold2_room3_mix024,82,0,-24,-1
fold2_room3_mix024,83,0,-22,-1
fold2_room3_mix024,84,0,-20,-1
fold2_room3_mix024,85,0,-19,-1
fold2_room3_mix024,86,0,-18,-1
fold2_room3_mix024,87,0,-17,-1
fold2_room3_mix024,88,0,-17,-1
fold2_room3_mix024,89,0,-17,-1
fold2_room3_mix024,90,0,-17,-1
fold2_room3_mix024,91,0,-16,-1
fold2_room3_mix024,92,0,-16,-1
fold2_room3_mix024,93,0,-15,-1
fold2_room3_mix024,94,0,-15,-1
fold2_room3_mix024,95,0,-14,-1
fold2_room3_mix024,96,0,-14,-1
fold2_room3_mix024,97,0,-13,-1
fold2_room3_mix024,98,0,-12,-1
fold2_room3_mix024,99,0,-11,-1
fold2_room3_mix025,3,0,174,0
fold2_room3_mix025,4,0,172,0
fold2_room3_mix025,5,0,171,0
fold2_room3_mix025,6,0,170,0
fold2_room3_mix025,7,0,170,-1
fold2_room3_mix025,8,0,169,-1
fold2_room3_mix025,9,0,169,-1
fold2_room3_mix025,10,0,168,-1
fold2_room3_mix025,11,0,168,-1
fold2_room3_mix025,12,0,168,-1
fold2_room3_mix025,13,0,168,-1
fold2_room3_mix025,14,0,168,-1
fold2_room3_mix025,15,0,168,-1
fold2_room3_mix025,16,0,168,-1
fold2_room3_mix025,17,0,168,-1
fold2_room3_mix025,18,0,168,-1
fold2_room3_mix025,19,0,168,-1
fold2_room3_mix025,20,0,168,-1
fold2_room3_mix025,21,0,168,-1
fold2_room3_mix025,22,0,167,-1
fold2_room3_mix025,23,0,167,-1
fold2_room3_mix025,24,0,167,-1
fold2_room3_mix025,25,0,168,-1
fold2_room3_mix025,26,0,168,-1
fold2_room3_mix025,27,0,168,-1
fold2_room3_mix025,28,0,168,-1
fold2_room3_mix025,29,0,168,-1
fold2_room3_mix025,30,0,168,-1
fold2_room3_mix025,31,0,168,-1
fold2_room3_mix025,32,0,168,-1
fold2_room3_mix025,33,0,168,-1
fold2_room3_mix025,34,0,168,-1
fold2_room3_mix025,35,0,167,-1
fold2_room3_mix025,36,0,167,-1
fold2_room3_mix025,37,0,166,-1
fold2_room3_mix025,38,0,167,-1
fold2_room3_mix025,39,0,167,-1
fold2_room3_mix025,40,0,167,-1
fold2_room3_mix025,41,0,167,-1
fold2_room3_mix025,42,0,167,-1
fold2_room3_mix025,43,0,167,-1
fold2_room3_mix025,44,0,167,-1
fold2_room3_mix025,45,0,167,-1
fold2_room3_mix025,46,0,167,-1
fold2_room3_mix025,47,0,166,-1
fold2_room3_mix025,48,0,164,-1
fold2_room3_mix025,49,0,163,-1
fold2_room3_mix025,50,0,163,-1
fold2_room3_mix025,51,0,162,-1
fold2_room3_mix025,52,0,162,-1
fold2_room3_mix025,53,0,161,-1
fold2_room3_mix025,54,0,159,-1
fold2_room3_mix025,55,0,158,-1
fold2_room3_mix025,56,0,157,-1
fold2_room3_mix025,57,0,158,-1
fold2_room3_mix025,58,0,160,-1
fold2_room3_mix025,59,0,160,-1
fold2_room3_mix025,60,0,158,-1
fold2_room3_mix025,61,0,156,-1
fold2_room3_mix025,62,0,154,-1
fold2_room3_mix025,63,0,152,-1
fold2_room3_mix025,64,0,150,-1
fold2_room3_mix025,65,0,148,-2
fold2_room3_mix025,66,0,138,-2
fold2_room3_mix025,67,0,128,-2
fold2_room3_mix025,68,0,115,-2
fold2_room3_mix025,69,0,101,-3
fold2_room3_mix025,70,0,85,-3
fold2_room3_mix025,71,0,70,-2
fold2_room3_mix025,72,0,58,-2
fold2_room3_mix025,73,0,49,-2
fold2_room3_mix025,74,0,42,-1
fold2_room3_mix025,75,0,36,-1
fold2_room3_mix025,76,0,32,-1
fold2_room3_mix025,77,0,27,-1
fold2_room3_mix025,78,0,23,-1
fold2_room3_mix025,79,0,22,-1
fold2_room3_mix025,80,0,22,-1
fold2_room3_mix025,81,0,22,-1
fold2_room3_mix025,82,0,21,-1
fold2_room3_mix025,83,0,21,-1
fold2_room3_mix025,84,0,20,-1
fold2_room3_mix025,85,0,20,-1
fold2_room3_mix025,86,0,19,-1
fold2_room3_mix025,87,0,19,-1
fold2_room3_mix025,88,0,18,-1
fold2_room3_mix025,89,0,18,-1
fold2_room3_mix025,90,0,18,-1
fold2_room3_mix025,91,0,17,-1
fold2_room3_mix025,92,0,17,-1
fold2_room3_mix025,93,0,16,-1
fold2_room3_mix025,94,0,16,-1
fold2_room3_mix025,95,0,16,-1
fold2_room3_mix025,96,0,17,-1
fold2_room3_mix025,97,0,16,-1
fold2_room3_mix025,98,0,13,0
fold2_room3_mix025,99,0,8,0
fold2_room3_mix026,3,0,-169,-1
fold2_room3_mix026,4,0,-166,-1
fold2_room3_mix026,5,0,-165,-1
fold2_room3_mix026,6,0,-166,-1
fold2_room3_mix026,7,0,-166,-1
fold2_room3_mix026,8,0,-166,-1
fold2_room3_mix026,9,0,-166,-1
fold2_room3_mix026,10,0,-166,-1
fold2_room3_mix026,11,0,-166,-1
fold2_room3_mix026,12,0,-165,-1
fold2_room3_mix026,13,0,-165,-1
fold2_room3_mix026,14,0,-165,-1
fold2_room3_mix026,15,0,-165,-1
fold2_room3_mix026,16,0,-165,-1
fold2_room3_mix026,17,0,-165,-1
fold2_room3_mix026,18,0,-164,-1
fold2_room3_mix026,19,0,-164,-1
fold2_room3_mix026,20,0,-164,-1
fold2_room3_mix026,21,0,-164,-1
fold2_room3_mix026,22,0,-164,-1
fold2_room3_mix026,23,0,-165,-1
fold2_room3_mix026,24,0,-165,-1
fold2_room3_mix026,25,0,-164,-1
fold2_room3_mix026,26,0,-164,-1
fold2_room3_mix026,27,0,-163,-1
fold2_room3_mix026,28,0,-164,-1
fold2_room3_mix026,29,0,-164,-1
fold2_room3_mix026,30,0,-164,-1
fold2_room3_mix026,31,0,-163,-1
fold2_room3_mix026,32,0,-163,-1
fold2_room3_mix026,33,0,-163,-1
fold2_room3_mix026,34,0,-162,-1
fold2_room3_mix026,35,0,-162,-1
fold2_room3_mix026,36,0,-162,-1
fold2_room3_mix026,37,0,-161,-1
fold2_room3_mix026,38,0,-161,-1
fold2_room3_mix026,39,0,-160,-1
fold2_room3_mix026,40,0,-160,-1
fold2_room3_mix026,41,0,-160,-1
fold2_room3_mix026,42,0,-159,-1
fold2_room3_mix026,43,0,-159,-1
fold2_room3_mix026,44,0,-159,-1
fold2_room3_mix026,45,0,-158,-1
fold2_room3_mix026,46,0,-158,-1
fold2_room3_mix026,47,0,-157,-1
fold2_room3_mix026,48,0,-157,-1
fold2_room3_mix026,49,0,-157,-1
fold2_room3_mix026,50,0,-157,-1
fold2_room3_mix026,51,0,-157,-1
fold2_room3_mix026,52,0,-157,-1
fold2_room3_mix026,53,0,-157,-1
fold2_room3_mix026,54,0,-158,-1
fold2_room3_mix026,55,0,-158,-1
fold2_room3_mix026,56,0,-157,-1
fold2_room3_mix026,57,0,-155,-1
fold2_room3_mix026,58,0,-152,-1
fold2_room3_mix026,59,0,-150,-1
fold2_room3_mix026,60,0,-148,-1
fold2_room3_mix026,61,0,-146,-2
fold2_room3_mix026,62,0,-144,-2
fold2_room3_mix026,63,0,-143,-2
fold2_room3_mix026,64,0,-142,-2
fold2_room3_mix026,65,0,-142,-2
fold2_room3_mix026,66,0,-139,-2
fold2_room3_mix026,67,0,-137,-2
fold2_room3_mix026,68,0,-134,-2
fold2_room3_mix026,69,0,-130,-2
fold2_room3_mix026,70,0,-126,-2
fold2_room3_mix026,71,0,-122,-2
fold2_room3_mix026,72,0,-118,-2
fold2_room3_mix026,73,0,-116,-2
fold2_room3_mix026,74,0,-114,-2
fold2_room3_mix026,75,0,-110,-2
fold2_room3_mix026,76,0,-105,-2
fold2_room3_mix026,77,0,-100,-2
fold2_room3_mix026,78,0,-95,-2
fold2_room3_mix026,79,0,-92,-2
fold2_room3_mix026,80,0,-89,-2
fold2_room3_mix026,81,0,-85,-2
fold2_room3_mix026,82,0,-79,-2
fold2_room3_mix026,83,0,-72,-2
fold2_room3_mix026,84,0,-66,-2
fold2_room3_mix026,85,0,-63,-2
fold2_room3_mix026,86,0,-61,-2
fold2_room3_mix026,87,0,-57,-1
fold2_room3_mix026,88,0,-53,-1
fold2_room3_mix026,89,0,-48,-1
fold2_room3_mix026,90,0,-44,-1
fold2_room3_mix026,91,0,-41,-1
fold2_room3_mix026,92,0,-40,-1
fold2_room3_mix026,93,0,-38,-1
fold2_room3_mix026,94,0,-37,-1
fold2_room3_mix026,95,0,-37,-1
fold2_room3_mix026,96,0,-36,0
fold2_room3_mix026,97,0,-35,0
fold2_room3_mix026,98,0,-34,0
fold2_room3_mix026,99,0,-34,0
fold2_room3_mix027,3,0,169,0
fold2_room3_mix027,4,0,165,0
fold2_room3_mix027,5,0,164,0
fold2_room3_mix027,6,0,163,0
fold2_room3_mix027,7,0,162,0
fold2_room3_mix027,8,0,162,-1
fold2_room3_mix027,9,0,162,-1
fold2_room3_mix027,10,0,162,-1
fold2_room3_mix027,11,0,162,-1
fold2_room3_mix027,12,0,162,-1
fold2_room3_mix027,13,0,162,0
fold2_room3_mix027,14,0,162,0
fold2_room3_mix027,15,0,162,-1
fold2_room3_mix027,16,0,162,-1
fold2_room3_mix027,17,0,162,-1
fold2_room3_mix027,18,0,162,-1
fold2_room3_mix027,19,0,162,-1
fold2_room3_mix027,20,0,162,-1
fold2_room3_mix027,21,0,161,-1
fold2_room3_mix027,22,0,161,-1
fold2_room3_mix027,23,0,161,-1
fold2_room3_mix027,24,0,161,-1
fold2_room3_mix027,25,0,161,-1
fold2_room3_mix027,26,0,161,-1
fold2_room3_mix027,27,0,160,-1
fold2_room3_mix027,28,0,160,-1
fold2_room3_mix027,29,0,160,-1
fold2_room3_mix027,30,0,160,-1
fold2_room3_mix027,31,0,160,-1
fold2_room3_mix027,32,0,159,-1
fold2_room3_mix027,33,0,159,-1
fold2_room3_mix027,34,0,160,-1
fold2_room3_mix027,35,0,160,-1
fold2_room3_mix027,36,0,161,-1
fold2_room3_mix027,37,0,161,-1
fold2_room3_mix027,38,0,161,-1
fold2_room3_mix027,39,0,161,-1
fold2_room3_mix027,40,0,161,-1
fold2_room3_mix027,41,0,161,-1
fold2_room3_mix027,42,0,161,-1
fold2_room3_mix027,43,0,161,-1
fold2_room3_mix027,44,0,160,-1
fold2_room3_mix027,45,0,160,-1
fold2_room3_mix027,46,0,159,-1
fold2_room3_mix027,47,0,159,-1
fold2_room3_mix027,48,0,159,-1
fold2_room3_mix027,49,0,159,-1
fold2_room3_mix027,50,0,159,-1
fold2_room3_mix027,51,0,160,-1
fold2_room3_mix027,52,0,160,-1
fold2_room3_mix027,53,0,161,-1
fold2_room3_mix027,54,0,161,-1
fold2_room3_mix027,55,0,161,-1
fold2_room3_mix027,56,0,161,-1
fold2_room3_mix027,57,0,161,-1
fold2_room3_mix027,58,0,161,-1
fold2_room3_mix027,59,0,160,-1
fold2_room3_mix027,60,0,160,-1
fold2_room3_mix027,61,0,159,-1
fold2_room3_mix027,62,0,159,-1
fold2_room3_mix027,63,0,157,-1
fold2_room3_mix027,64,0,156,-1
fold2_room3_mix027,65,0,155,-1
fold2_room3_mix027,66,0,154,-1
fold2_room3_mix027,67,0,154,-1
fold2_room3_mix027,68,0,153,-1
fold2_room3_mix027,69,0,152,-1
fold2_room3_mix027,70,0,150,-1
fold2_room3_mix027,71,0,148,-1
fold2_room3_mix027,72,0,145,-1
fold2_room3_mix027,73,0,143,-1
fold2_room3_mix027,74,0,140,-1
fold2_room3_mix027,75,0,138,-1
fold2_room3_mix027,76,0,135,-1
fold2_room3_mix027,77,0,132,-2
fold2_room3_mix027,78,0,128,-2
fold2_room3_mix027,79,0,120,-2
fold2_room3_mix027,80,0,111,-2
fold2_room3_mix027,81,0,101,-3
fold2_room3_mix027,82,0,96,-3
fold2_room3_mix027,83,0,92,-3
fold2_room3_mix027,84,0,88,-3
fold2_room3_mix027,85,0,79,-3
fold2_room3_mix027,86,0,69,-2
fold2_room3_mix027,87,0,61,-2
fold2_room3_mix027,88,0,54,-2
fold2_room3_mix027,89,0,47,-2
fold2_room3_mix027,90,0,41,-1
fold2_room3_mix027,91,0,36,-1
fold2_room3_mix027,92,0,35,-1
fold2_room3_mix027,93,0,35,-1
fold2_room3_mix027,94,0,34,-1
fold2_room3_mix027,95,0,32,-1
fold2_room3_mix027,96,0,31,-1
fold2_room3_mix027,97,0,30,-1
fold2_room3_mix027,98,0,26,-1
fold2_room3_mix027,99,0,21,-1
fold2_room3_mix028,3,0,-7,0
fold2_room3_mix028,4,0,-10,0
fold2_room3_mix028,5,0,-11,0
fold2_room3_mix028,6,0,-11,-1
fold2_room3_mix028,7,0,-11,-1
fold2_room3_mix028,8,0,-12,-1
fold2_room3_mix028,9,0,-12,-1
fold2_room3_mix028,10,0,-12,-1
fold2_room3_mix028,11,0,-12,-1
fold2_room3_mix028,12,0,-12,-1
fold2_room3_mix028,13,0,-11,-1
fold2_room3_mix028,14,0,-11,-1
fold2_room3_mix028,15,0,-11,-1
fold2_room3_mix028,16,0,-11,-1
fold2_room3_mix028,17,0,-11,-1
fold2_room3_mix028,18,0,-12,-1
fold2_room3_mix028,19,0,-12,-1
fold2_room3_mix028,20,0,-12,-1
fold2_room3_mix028,21,0,-12,-1
fold2_room3_mix028,22,0,-12,-1
fold2_room3_mix028,23,0,-12,-1
fold2_room3_mix028,24,0,-12,-1
fold2_room3_mix028,25,0,-12,-1
fold2_room3_mix028,26,0,-12,-1
fold2_room3_mix028,27,0,-12,-1
fold2_room3_mix028,28,0,-12,-1
fold2_room3_mix028,29,0,-12,-1
fold2_room3_mix028,30,0,-13,-1
fold2_room3_mix028,31,0,-13,-1
fold2_room3_mix028,32,0,-13,-1
fold2_room3_mix028,33,0,-13,-1
fold2_room3_mix028,34,0,-13,-1
fold2_room3_mix028,35,0,-14,-1
fold2_room3_mix028,36,0,-14,-1
fold2_room3_mix028,37,0,-14,-1
fold2_room3_mix028,38,0,-14,-1
fold2_room3_mix028,39,0,-14,-1
fold2_room3_mix028,40,0,-14,-1
fold2_room3_mix028,41,0,-14,-1
fold2_room3_mix028,42,0,-14,-1
fold2_room3_mix028,43,0,-14,-1
fold2_room3_mix028,44,0,-15,-1
fold2_room3_mix028,45,0,-15,-1
fold2_room3_mix028,46,0,-16,-1
fold2_room3_mix028,47,0,-16,-1
fold2_room3_mix028,48,0,-17,-1
fold2_room3_mix028,49,0,-17,-1
fold2_room3_mix028,50,0,-17,-1
fold2_room3_mix028,51,0,-17,-1
fold2_room3_mix028,52,0,-16,-1
fold2_room3_mix028,53,0,-17,-1
fold2_room3_mix028,54,0,-18,-1
fold2_room3_mix028,55,0,-19,-1
fold2_room3_mix028,56,0,-19,-1
fold2_room3_mix028,57,0,-20,-1
fold2_room3_mix028,58,0,-20,-1
fold2_room3_mix028,59,0,-21,-1
fold2_room3_mix028,60,0,-22,-1
fold2_room3_mix028,61,0,-23,-1
fold2_room3_mix028,62,0,-24,-1
fold2_room3_mix028,63,0,-25,-1
fold2_room3_mix028,64,0,-26,-1
fold2_room3_mix028,65,0,-28,-1
fold2_room3_mix028,66,0,-29,-1
fold2_room3_mix028,67,0,-30,-1
fold2_room3_mix028,68,0,-32,-1
fold2_room3_mix028,69,0,-34,-1
fold2_room3_mix028,70,0,-37,-1
fold2_room3_mix028,71,0,-42,-1
fold2_room3_mix028,72,0,-47,-1
fold2_room3_mix028,73,0,-50,-1
fold2_room3_mix028,74,0,-54,-2
fold2_room3_mix028,75,0,-58,-2
fold2_room3_mix028,76,0,-66,-2
fold2_room3_mix028,77,0,-74,-2
fold2_room3_mix028,78,0,-83,-2
fold2_room3_mix028,79,0,-88,-2
fold2_room3_mix028,80,0,-93,-2
fold2_room3_mix028,81,0,-98,-3
fold2_room3_mix028,82,0,-106,-2
fold2_room3_mix028,83,0,-114,-2
fold2_room3_mix028,84,0,-121,-2
fold2_room3_mix028,85,0,-125,-2
fold2_room3_mix028,86,0,-129,-2
fold2_room3_mix028,87,0,-132,-2
fold2_room3_mix028,88,0,-135,-2
fold2_room3_mix028,89,0,-138,-1
fold2_room3_mix028,90,0,-140,-1
fold2_room3_mix028,91,0,-143,-1
fold2_room3_mix028,92,0,-144,-1
fold2_room3_mix028,93,0,-146,-1
fold2_room3_mix028,94,0,-147,-1
fold2_room3_mix028,95,0,-149,-1
fold2_room3_mix028,96,0,-152,0
fold2_room3_mix028,97,0,-154,0
fold2_room3_mix028,98,0,-157,0
fold2_room3_mix028,99,0,-160,0
fold2_room3_mix029,2,0,175,-1
fold2_room3_mix029,3,0,172,0
fold2_room3_mix029,4,0,169,-1
fold2_room3_mix029,5,0,167,-1
fold2_room3_mix029,6,0,165,-1
fold2_room3_mix029,7,0,164,-1
fold2_room3_mix029,8,0,164,-1
fold2_room3_mix029,9,0,164,-1
fold2_room3_mix029,10,0,165,-1
fold2_room3_mix029,11,0,165,-1
fold2_room3_mix029,12,0,164,-1
fold2_room3_mix029,13,0,163,-1
fold2_room3_mix029,14,0,162,-1
fold2_room3_mix029,15,0,162,-1
fold2_room3_mix029,16,0,163,-1
fold2_room3_mix029,17,0,164,-1
fold2_room3_mix029,18,0,163,-1
fold2_room3_mix029,19,0,162,-1
fold2_room3_mix029,20,0,161,-1
fold2_room3_mix029,21,0,161,-1
fold2_room3_mix029,22,0,162,-1
fold2_room3_mix029,23,0,163,-1
fold2_room3_mix029,24,0,163,-1
fold2_room3_mix029,25,0,162,-1
fold2_room3_mix029,26,0,162,-1
fold2_room3_mix029,27,0,161,-1
fold2_room3_mix029,28,0,162,-1
fold2_room3_mix029,29,0,163,-1
fold2_room3_mix029,30,0,163,-1
fold2_room3_mix029,31,0,162,-1
fold2_room3_mix029,32,0,161,-1
fold2_room3_mix029,33,0,160,-1
fold2_room3_mix029,34,0,160,-1
fold2_room3_mix029,35,0,161,-1
fold2_room3_mix029,36,0,161,-1
fold2_room3_mix029,37,0,161,-1
fold2_room3_mix029,38,0,160,-1
fold2_room3_mix029,39,0,158,-1
fold2_room3_mix029,40,0,158,-1
fold2_room3_mix029,41,0,159,-1
fold2_room3_mix029,42,0,160,-1
fold2_room3_mix029,43,0,159,-1
fold2_room3_mix029,44,0,157,-1
fold2_room3_mix029,45,0,155,-1
fold2_room3_mix029,46,0,153,-1
fold2_room3_mix029,47,0,154,-1
fold2_room3_mix029,48,0,154,-1
fold2_room3_mix029,49,0,155,-1
fold2_room3_mix029,50,0,154,-1
fold2_room3_mix029,51,0,153,-1
fold2_room3_mix029,52,0,152,-1
fold2_room3_mix029,53,0,152,-1
fold2_room3_mix029,54,0,153,-1
fold2_room3_mix029,55,0,153,-1
fold2_room3_mix029,56,0,151,-1
fold2_room3_mix029,57,0,147,-1
fold2_room3_mix029,58,0,143,-1
fold2_room3_mix029,58,4,172,1
fold2_room3_mix029,59,0,140,-1
fold2_room3_mix029,59,4,172,1
fold2_room3_mix029,60,0,138,-2
fold2_room3_mix029,60,4,171,1
fold2_room3_mix029,61,0,137,-2
fold2_room3_mix029,61,4,171,0
fold2_room3_mix029,62,0,135,-2
fold2_room3_mix029,62,4,170,0
fold2_room3_mix029,63,0,130,-2
fold2_room3_mix029,63,4,168,0
fold2_room3_mix029,64,0,124,-3
fold2_room3_mix029,65,0,116,-3
fold2_room3_mix029,66,0,108,-3
fold2_room3_mix029,67,0,100,-3
fold2_room3_mix029,68,0,91,-3
fold2_room3_mix029,69,0,83,-3
fold2_room3_mix029,70,0,75,-3
fold2_room3_mix029,71,0,68,-2
fold2_room3_mix029,72,0,62,-2
fold2_room3_mix029,73,0,58,-2
fold2_room3_mix029,74,0,54,-2
fold2_room3_mix029,74,4,10,0
fold2_room3_mix029,75,0,50,-1
fold2_room3_mix029,75,4,10,0
fold2_room3_mix029,76,0,44,-1
fold2_room3_mix029,76,4,10,0
fold2_room3_mix029,77,0,40,-1
fold2_room3_mix029,77,4,10,0
fold2_room3_mix029,78,0,37,-1
fold2_room3_mix029,78,4,11,0
fold2_room3_mix029,79,0,35,-1
fold2_room3_mix029,79,4,10,0
fold2_room3_mix029,80,0,32,-1
fold2_room3_mix029,80,4,9,0
fold2_room3_mix029,81,0,29,-1
fold2_room3_mix029,81,4,8,0
fold2_room3_mix029,82,0,27,-1
fold2_room3_mix029,82,4,7,0
fold2_room3_mix029,83,0,26,-1
fold2_room3_mix029,83,4,6,0
fold2_room3_mix029,84,0,24,-1
fold2_room3_mix029,85,0,23,-1
fold2_room3_mix029,86,0,23,-1
fold2_room3_mix029,87,0,22,-1
fold2_room3_mix029,88,0,22,-1
fold2_room3_mix029,89,0,22,-1
fold2_room3_mix029,90,0,22,-1
fold2_room3_mix029,91,0,22,-1
fold2_room3_mix029,92,0,19,-1
fold2_room3_mix029,93,0,17,-1
fold2_room3_mix029,94,0,16,-1
fold2_room3_mix029,95,0,16,-1
fold2_room3_mix029,96,0,16,-1
fold2_room3_mix029,97,0,16,-1
fold2_room3_mix029,98,0,13,-1
fold2_room3_mix029,99,0,9,-1
fold2_room3_mix030,3,0,-9,0
fold2_room3_mix030,4,0,-12,0
fold2_room3_mix030,5,0,-13,-1
fold2_room3_mix030,6,0,-13,-1
fold2_room3_mix030,7,0,-12,-1
fold2_room3_mix030,8,0,-13,-1
fold2_room3_mix030,9,0,-13,-1
fold2_room3_mix030,10,0,-14,-1
fold2_room3_mix030,11,0,-14,-1
fold2_room3_mix030,12,0,-14,-1
fold2_room3_mix030,13,0,-14,-1
fold2_room3_mix030,14,0,-14,-1
fold2_room3_mix030,15,0,-14,-1
fold2_room3_mix030,16,0,-14,-1
fold2_room3_mix030,17,0,-14,-1
fold2_room3_mix030,18,0,-13,-1
fold2_room3_mix030,19,0,-13,-1
fold2_room3_mix030,20,0,-13,-1
fold2_room3_mix030,21,0,-13,-1
fold2_room3_mix030,22,0,-13,-1
fold2_room3_mix030,23,0,-14,-1
fold2_room3_mix030,24,0,-15,-1
fold2_room3_mix030,25,0,-16,-1
fold2_room3_mix030,26,0,-17,-1
fold2_room3_mix030,27,0,-17,-1
fold2_room3_mix030,28,0,-17,-1
fold2_room3_mix030,29,0,-16,-1
fold2_room3_mix030,30,0,-16,-1
fold2_room3_mix030,31,0,-16,-1
fold2_room3_mix030,32,0,-16,-1
fold2_room3_mix030,33,0,-16,-1
fold2_room3_mix030,34,0,-16,-1
fold2_room3_mix030,35,0,-16,-1
fold2_room3_mix030,36,0,-16,-1
fold2_room3_mix030,37,0,-17,-1
fold2_room3_mix030,38,0,-17,-1
fold2_room3_mix030,39,0,-17,-1
fold2_room3_mix030,40,0,-18,-1
fold2_room3_mix030,41,0,-18,-1
fold2_room3_mix030,42,0,-18,-1
fold2_room3_mix030,43,0,-18,-1
fold2_room3_mix030,44,0,-19,-1
fold2_room3_mix030,45,0,-20,-1
fold2_room3_mix030,46,0,-20,-1
fold2_room3_mix030,47,0,-20,-1
fold2_room3_mix030,48,0,-21,-1
fold2_room3_mix030,49,0,-21,-1
fold2_room3_mix030,50,0,-22,-1
fold2_room3_mix030,51,0,-23,-1
fold2_room3_mix030,52,0,-24,-1
fold2_room3_mix030,53,0,-24,-1
fold2_room3_mix030,54,0,-24,0
fold2_room3_mix030,55,0,-24,0
fold2_room3_mix030,56,0,-25,0
fold2_room3_mix030,57,0,-26,0
fold2_room3_mix030,58,0,-28,0
fold2_room3_mix030,59,0,-29,0
fold2_room3_mix030,60,0,-30,-1
fold2_room3_mix030,61,0,-32,-1
fold2_room3_mix030,62,0,-34,-1
fold2_room3_mix030,63,0,-37,-1
fold2_room3_mix030,64,0,-41,-1
fold2_room3_mix030,65,0,-44,-1
fold2_room3_mix030,66,0,-44,-1
fold2_room3_mix030,67,0,-43,-1
fold2_room3_mix030,68,0,-43,-1
fold2_room3_mix030,69,0,-46,-1
fold2_room3_mix030,70,0,-51,-1
fold2_room3_mix030,71,0,-56,-1
fold2_room3_mix030,72,0,-60,-2
fold2_room3_mix030,73,0,-64,-2
fold2_room3_mix030,74,0,-68,-2
fold2_room3_mix030,75,0,-72,-2
fold2_room3_mix030,76,0,-78,-2
fold2_room3_mix030,77,0,-83,-2
fold2_room3_mix030,78,0,-88,-2
fold2_room3_mix030,79,0,-93,-2
fold2_room3_mix030,80,0,-98,-2
fold2_room3_mix030,81,0,-103,-2
fold2_room3_mix030,82,0,-106,-2
fold2_room3_mix030,83,0,-108,-2
fold2_room3_mix030,84,0,-110,-2
fold2_room3_mix030,85,0,-116,-2
fold2_room3_mix030,86,0,-122,-2
fold2_room3_mix030,87,0,-129,-2
fold2_room3_mix030,88,0,-132,-2
fold2_room3_mix030,89,0,-133,-2
fold2_room3_mix030,90,0,-134,-2
fold2_room3_mix030,91,0,-135,-2
fold2_room3_mix030,92,0,-137,-1
fold2_room3_mix030,93,0,-138,-1
fold2_room3_mix030,94,0,-140,-1
fold2_room3_mix030,95,0,-143,-1
fold2_room3_mix030,96,0,-145,-1
fold2_room3_mix030,97,0,-147,-1
fold2_room3_mix030,98,0,-150,0
fold2_room3_mix030,99,0,-153,0