45.100,45.300,0,-90.0,-10.0
45.300,45.500,0,-90.0,-10.0
45.500,45.700,0,-90.0,-10.0
45.700,45.900,0,-90.0,-10.0
45.900,46.100,0,-90.0,-10.0
46.100,46.300,0,-90.0,-10.0
46.300,46.500,0,-90.0,-10.0
46.500,46.700,0,-90.0,-10.0
46.700,46.900,0,-90.0,-10.0
46.900,47.100,0,-90.0,-10.0
47.100,47.300,0,-90.0,-10.0
47.300,47.500,0,-90.0,-10.0
47.500,47.700,0,-90.0,-10.0
47.700,47.900,0,-90.0,-10.0
47.900,48.100,0,-90.0,-10.0
48.100,48.300,0,-90.0,-10.0
48.300,48.500,0,-90.0,-10.0
48.500,48.700,0,-90.0,-10.0
48.700,48.900,0,-90.0,-10.0
48.900,49.100,0,-90.0,-10.0
49.100,49.300,0,-90.0,-10.0
49.300,49.500,0,-90.0,-10.0
49.500,49.700,0,-90.0,-10.0
49.700,49.900,0,-90.0,-10.0
49.900,50.100,0,-90.0,-10.0
50.100,50.300,0,-90.0,-10.0
50.300,50.500,0,-90.0,-10.0
50.500,50.700,0,-90.0,-10.0
50.700,50.900,0,-90.0,-10.0
22.600,22.800,1,112.0,-10.0
22.800,23.000,1,112.0,-10.0
23.000,23.200,1,112.0,-10.0
23.200,23.400,1,112.0,-10.0
23.400,23.600,1,112.0,-10.0
23.600,23.800,1,112.0,-10.0
23.800,24.000,1,112.0,-10.0
24.000,24.200,1,112.0,-10.0
24.200,24.400,1,112.0,-10.0
24.800,25.000,1,112.0,-10.0
25.000,25.200,1,112.0,-10.0
25.200,25.400,1,112.0,-10.0
25.400,25.600,1,112.0,-10.0
25.600,25.700,1,112.0,-10.0
29.400,29.600,1,-142.0,-10.0
29.600,29.800,1,-142.0,-10.0
29.800,30.000,1,-142.0,-10.0
30.000,30.200,1,-142.0,-10.0
30.200,30.400,1,-142.0,-10.0
30.400,30.600,1,-142.0,-10.0
30.600,30.800,1,-142.0,-10.0
30.800,31.000,1,-142.0,-10.0
31.000,31.200,1,-142.0,-10.0
31.200,31.400,1,-142.0,-10.0
31.400,31.600,1,-142.0,-10.0
31.600,31.800,1,-142.0,-10.0
31.800,32.000,1,-142.0,-10.0
32.000,32.200,1,-142.0,-10.0
32.200,32.400,1,-142.0,-10.0
32.400,32.600,1,-142.0,-10.0
32.600,32.800,1,-142.0,-10.0
32.800,33.000,1,-142.0,-10.0
33.000,33.200,1,-142.0,-10.0
33.200,33.400,1,-142.0,-10.0
33.400,33.600,1,-142.0,-10.0
33.600,33.800,1,-142.0,-10.0
33.800,34.000,1,-142.0,-10.0
34.000,34.200,1,-142.0,-10.0
34.200,34.400,1,-142.0,-10.0
34.400,34.600,1,-142.0,-10.0
34.600,34.800,1,-142.0,-10.0
34.800,35.000,1,-142.0,-10.0
35.000,35.200,1,-142.0,-10.0
35.200,35.400,1,-142.0,-10.0
35.400,35.600,1,-142.0,-10.0
35.600,35.800,1,-142.0,-10.0
35.800,36.000,1,-142.0,-10.0
36.000,36.200,1,-142.0,-10.0
36.200,36.400,1,-142.0,-10.0
36.400,36.600,1,-142.0,-10.0
36.600,36.800,1,-142.0,-10.0
36.800,37.000,1,-142.0,-10.0
37.000,37.200,1,-142.0,-10.0
37.200,37.400,1,-142.0,-10.0
37.400,37.600,1,-142.0,-10.0
37.600,37.800,1,-142.0,-10.0
37.800,38.000,1,-142.0,-10.0
38.000,38.200,1,-142.0,-10.0
38.200,38.400,1,-142.0,-10.0
38.400,38.600,1,-142.0,-10.0
38.600,38.800,1,-142.0,-10.0
38.800,39.000,1,-142.0,-10.0
39.000,39.200,1,-142.0,-10.0
39.200,39.400,1,-142.0,-10.0
39.400,39.600,1,-142.0,-10.0
39.600,39.800,1,-142.0,-10.0
39.800,40.000,1,-142.0,-10.0
40.000,40.200,1,-142.0,-10.0
40.200,40.400,1,-142.0,-10.0
40.400,40.600,1,-142.0,-10.0
40.600,40.800,1,-142.0,-10.0
40.800,41.000,1,-142.0,-10.0
41.000,41.200,1,-142.0,-10.0
41.200,41.400,1,-142.0,-10.0
41.400,41.600,1,-142.0,-10.0
41.600,41.800,1,-142.0,-10.0
41.800,42.000,1,-142.0,-10.0
42.000,42.200,1,-142.0,-10.0
42.200,42.400,1,-142.0,-10.0
42.400,42.600,1,-142.0,-10.0
42.600,42.800,1,-142.0,-10.0
42.800,43.000,1,-142.0,-10.0
43.000,43.200,1,-142.0,-10.0
43.200,43.400,1,-142.0,-10.0
43.400,43.600,1,-142.0,-10.0
43.600,43.800,1,-142.0,-10.0
43.800,44.000,1,-142.0,-10.0
44.000,44.200,1,-142.0,-10.0
44.200,44.400,1,-142.0,-10.0
44.400,44.500,1,-142.0,-10.0
18.600,18.800,5,-73.0,10.0
18.800,19.000,5,-73.0,10.0
19.000,19.200,5,-73.0,10.0
19.200,19.400,5,-73.0,10.0
0.200,0.400,13,-129.5,0.0
0.400,0.600,13,-127.5,0.0
0.600,0.800,13,-125.5,0.0
0.800,1.000,13,-123.5,0.0
1.000,1.200,13,-121.5,0.0
1.200,1.400,13,-119.5,0.0
1.400,1.600,13,-117.5,0.0
1.600,1.800,13,-115.5,0.0
1.800,2.000,13,-113.5,0.0
2.000,2.200,13,-111.5,0.0
2.200,2.400,13,-109.5,0.0
2.400,2.600,13,-107.5,0.0
2.600,2.800,13,-105.5,0.0
2.800,3.000,13,-103.5,0.0
3.000,3.200,13,-101.5,0.0
3.200,3.400,13,-99.5,0.0
3.400,3.600,13,-97.5,0.0
3.600,3.800,13,-95.5,0.0
3.800,4.000,13,-93.5,0.0
4.000,4.200,13,-91.5,0.0
4.200,4.400,13,-89.5,0.0
4.400,4.600,13,-87.5,0.0
4.600,4.800,13,-85.5,0.0
4.800,5.000,13,-83.5,0.0
5.000,5.200,13,-81.5,0.0
5.200,5.400,13,-79.5,0.0
5.400,5.600,13,-77.5,0.0
5.600,5.800,13,-75.5,0.0
5.800,6.000,13,-73.5,0.0
6.000,6.200,13,-71.5,0.0
6.200,6.400,13,-69.5,0.0
6.400,6.600,13,-67.5,0.0
6.600,6.800,13,-65.5,0.0
6.800,7.000,13,-63.5,0.0
7.000,7.200,13,-61.5,0.0
7.200,7.400,13,-59.5,0.0
7.400,7.600,13,-57.5,0.0
7.600,7.800,13,-55.5,0.0
7.800,8.000,13,-53.5,0.0
8.000,8.200,13,-51.5,0.0
8.200,8.400,13,-49.5,0.0
8.400,8.600,13,-47.5,0.0
8.600,8.800,13,-45.5,0.0
8.800,9.000,13,-43.5,0.0
9.000,9.200,13,-41.5,0.0
9.200,9.400,13,-39.5,0.0
9.400,9.600,13,-37.5,0.0
9.600,9.800,13,-35.5,0.0
9.800,10.000,13,-33.5,0.0
10.000,10.200,13,-31.5,0.0
10.200,10.400,13,-29.5,0.0
10.400,10.600,13,-27.5,0.0
10.600,10.800,13,-25.5,0.0
10.800,11.000,13,-23.5,0.0
11.000,11.200,13,-21.5,0.0
11.200,11.400,13,-19.5,0.0
11.400,11.600,13,-17.5,0.0
11.600,11.800,13,-15.5,0.0
11.800,12.000,13,-13.5,0.0
12.000,12.200,13,-11.5,0.0
12.200,12.400,13,-9.5,0.0
12.400,12.600,13,-7.5,0.0
12.600,12.800,13,-5.5,0.0
12.800,13.000,13,-3.5,0.0
13.000,13.200,13,-1.5,0.0
13.200,13.400,13,0.5,0.0
13.400,13.600,13,2.5,0.0
13.600,13.800,13,4.5,0.0
13.800,14.000,13,6.5,0.0
14.000,14.200,13,8.5,0.0
14.200,14.400,13,10.5,0.0
14.400,14.600,13,12.5,0.0
14.600,14.800,13,14.5,0.0
14.800,15.000,13,16.5,0.0
15.000,15.200,13,18.5,0.0
15.200,15.300,13,20.0,0.0
