2,7,0,4,0,50.69
3,7,0,4,0,48.98
4,7,0,4,0,47.27
5,7,0,4,0,45.56
6,7,0,5,0,43.85
7,7,0,5,0,42.14
8,7,0,5,0,40.44
9,7,0,5,0,38.73
10,7,0,6,0,37.02
11,7,0,6,0,35.32
12,7,0,6,0,33.61
13,7,0,6,0,31.91
14,7,0,7,0,30.21
15,7,0,7,0,28.51
16,7,0,8,0,26.81
17,7,0,8,0,25.11
18,7,0,9,0,23.42
19,7,0,9,0,21.72
20,7,0,10,0,20.04
21,7,0,11,0,18.35
22,7,0,12,0,16.68
23,7,0,14,0,15.01
24,7,0,15,0,13.35
25,7,0,18,0,11.71
26,7,0,21,0,10.10
27,7,0,25,0,8.52
28,7,0,30,0,7.00
29,7,0,39,0,5.61
30,7,0,53,0,4.43
31,7,0,75,0,3.68
32,7,0,101,0,3.61
33,7,0,123,0,4.22
34,7,0,137,0,5.25
35,7,0,147,0,6.51
36,7,0,153,0,7.88
37,7,0,158,0,9.31
38,7,0,161,0,10.78
39,7,0,163,0,12.28
40,7,0,165,0,13.79
41,7,0,167,0,15.32
42,7,0,168,0,16.85
43,7,0,169,0,18.39
44,7,0,170,0,19.93
45,7,0,170,0,21.48
46,7,0,171,0,23.03
47,7,0,172,0,24.58
48,7,0,172,0,26.13
49,7,0,173,0,27.69
50,7,0,173,0,29.25
51,7,0,173,0,30.81
52,7,0,174,0,32.37
53,7,0,174,0,33.93
54,7,0,174,0,35.49
55,7,0,175,0,37.05
56,7,0,175,0,38.62
57,7,0,175,0,40.18
58,7,0,175,0,41.74
59,7,0,175,0,43.31
60,7,0,175,0,44.87
61,7,0,176,0,46.44
62,7,0,176,0,48.00
63,7,0,176,0,49.57
64,7,0,176,0,51.13
65,7,0,176,0,52.70
66,7,0,176,0,54.27
67,7,0,176,0,55.83
68,7,0,176,0,57.40
69,7,0,177,0,58.97
70,7,0,177,0,60.53
71,7,0,177,0,62.10
72,7,0,177,0,63.67
73,7,0,177,0,65.23
74,7,0,177,0,66.80
75,7,0,177,0,68.37
76,7,0,177,0,69.94
77,7,0,177,0,71.50
78,7,0,177,0,73.07
79,7,0,177,0,74.64
80,7,0,177,0,76.21
81,7,0,177,0,77.78
82,7,0,177,0,79.34
83,7,0,177,0,80.91
84,7,0,178,0,82.48
85,7,0,178,0,84.05
86,7,0,178,0,85.62
87,7,0,178,0,87.18
88,7,0,178,0,88.75
89,7,0,178,0,90.32
90,7,0,178,0,91.89
91,7,0,178,0,93.46
92,7,0,178,0,95.03
93,7,0,178,0,96.59
94,7,0,178,0,98.16
95,7,0,178,0,99.73
96,7,0,178,0,101.30
97,7,0,178,0,102.87
98,7,0,178,0,104.44
99,7,0,178,0,106.01
